tx_desemprego;Sigla;codigo;municipio
10.96;MA;2100055;Açailândia
12.99;MA;2100105;Afonso Cunha
7.2;MA;2100154;Água Doce do Maranhão
7.28;MA;2100204;Alcântara
10.58;MA;2100303;Aldeias Altas
6.18;MA;2100402;Altamira do Maranhão
11.51;MA;2100436;Alto Alegre do Maranhão
9.51;MA;2100477;Alto Alegre do Pindaré
13.4;MA;2100501;Alto Parnaíba
9.4;MA;2100550;Amapá do Maranhão
5.42;MA;2100600;Amarante do Maranhão
8.7;MA;2100709;Anajatuba
7.66;MA;2100808;Anapurus
3.07;MA;2100832;Apicum-Açu
5.5;MA;2100873;Araguanã
7.33;MA;2100907;Araioses
7.71;MA;2100956;Arame
6.88;MA;2101004;Arari
5.91;MA;2101103;Axixá
8.25;MA;2101202;Bacabal
10.02;MA;2101251;Bacabeira
7.31;MA;2101301;Bacuri
7.5;MA;2101350;Bacurituba
6.88;MA;2101400;Balsas
7.34;MA;2101509;Barão de Grajaú
7.42;MA;2101608;Barra do Corda
6.41;MA;2101707;Barreirinhas
4.56;MA;2101731;Belágua
8.42;MA;2101772;Bela Vista do Maranhão
12.77;MA;2101806;Benedito Leite
6.22;MA;2101905;Bequimão
3.77;MA;2101939;Bernardo do Mearim
6.98;MA;2101970;Boa Vista do Gurupi
4.95;MA;2102002;Bom Jardim
13.64;MA;2102036;Bom Jesus das Selvas
22.44;MA;2102077;Bom Lugar
7.27;MA;2102101;Brejo
6.74;MA;2102150;Brejo de Areia
7.55;MA;2102200;Buriti
6.57;MA;2102309;Buriti Bravo
9.46;MA;2102325;Buriticupu
5.42;MA;2102358;Buritirana
5.93;MA;2102374;Cachoeira Grande
9.23;MA;2102408;Cajapió
3.87;MA;2102507;Cajari
9.12;MA;2102556;Campestre do Maranhão
3.81;MA;2102606;Cândido Mendes
12.31;MA;2102705;Cantanhede
4.11;MA;2102754;Capinzal do Norte
5.04;MA;2102804;Carolina
7.74;MA;2102903;Carutapera
7.46;MA;2103000;Caxias
5.81;MA;2103109;Cedral
3.53;MA;2103125;Central do Maranhão
4.8;MA;2103158;Centro do Guilherme
10.03;MA;2103174;Centro Novo do Maranhão
7.62;MA;2103208;Chapadinha
5.95;MA;2103257;Cidelândia
8.2;MA;2103307;Codó
10.89;MA;2103406;Coelho Neto
6.96;MA;2103505;Colinas
2.18;MA;2103554;Conceição do Lago-Açu
8.21;MA;2103604;Coroatá
5.39;MA;2103703;Cururupu
6.3;MA;2103752;Davinópolis
5.8;MA;2103802;Dom Pedro
7.12;MA;2103901;Duque Bacelar
13.47;MA;2104008;Esperantinópolis
5.79;MA;2104057;Estreito
5.43;MA;2104073;Feira Nova do Maranhão
10.89;MA;2104081;Fernando Falcão
8.79;MA;2104099;Formosa da Serra Negra
9.15;MA;2104107;Fortaleza dos Nogueiras
5.09;MA;2104206;Fortuna
11.05;MA;2104305;Godofredo Viana
4.0;MA;2104404;Gonçalves Dias
6.85;MA;2104503;Governador Archer
11.48;MA;2104552;Governador Edison Lobão
4.35;MA;2104602;Governador Eugênio Barros
3.95;MA;2104628;Governador Luiz Rocha
9.69;MA;2104651;Governador Newton Bello
9.34;MA;2104677;Governador Nunes Freire
8.38;MA;2104701;Graça Aranha
7.08;MA;2104800;Grajaú
4.02;MA;2104909;Guimarães
10.18;MA;2105005;Humberto de Campos
12.79;MA;2105104;Icatu
9.28;MA;2105153;Igarapé do Meio
4.51;MA;2105203;Igarapé Grande
7.87;MA;2105302;Imperatriz
12.04;MA;2105351;Itaipava do Grajaú
6.27;MA;2105401;Itapecuru Mirim
8.58;MA;2105427;Itinga do Maranhão
8.02;MA;2105450;Jatobá
3.63;MA;2105476;Jenipapo dos Vieiras
7.32;MA;2105500;João Lisboa
2.2;MA;2105609;Joselândia
3.36;MA;2105658;Junco do Maranhão
6.78;MA;2105708;Lago da Pedra
6.95;MA;2105807;Lago do Junco
4.32;MA;2105906;Lago Verde
5.58;MA;2105922;Lagoa do Mato
2.19;MA;2105948;Lago dos Rodrigues
5.7;MA;2105963;Lagoa Grande do Maranhão
5.99;MA;2105989;Lajeado Novo
2.69;MA;2106003;Lima Campos
5.81;MA;2106102;Loreto
3.23;MA;2106201;Luís Domingues
11.29;MA;2106300;Magalhães de Almeida
11.12;MA;2106326;Maracaçumé
13.78;MA;2106359;Marajá do Sena
10.98;MA;2106375;Maranhãozinho
8.01;MA;2106409;Mata Roma
6.95;MA;2106508;Matinha
4.16;MA;2106607;Matões
15.18;MA;2106631;Matões do Norte
9.77;MA;2106672;Milagres do Maranhão
5.2;MA;2106706;Mirador
10.68;MA;2106755;Miranda do Norte
7.73;MA;2106805;Mirinzal
4.43;MA;2106904;Monção
12.31;MA;2107001;Montes Altos
5.96;MA;2107100;Morros
7.26;MA;2107209;Nina Rodrigues
9.21;MA;2107258;Nova Colinas
6.11;MA;2107308;Nova Iorque
6.54;MA;2107357;Nova Olinda do Maranhão
2.98;MA;2107407;Olho d'Água das Cunhãs
7.55;MA;2107456;Olinda Nova do Maranhão
10.35;MA;2107506;Paço do Lumiar
5.07;MA;2107605;Palmeirândia
8.5;MA;2107704;Paraibano
7.68;MA;2107803;Parnarama
9.64;MA;2107902;Passagem Franca
4.78;MA;2108009;Pastos Bons
4.08;MA;2108058;Paulino Neves
8.05;MA;2108108;Paulo Ramos
8.41;MA;2108207;Pedreiras
5.26;MA;2108256;Pedro do Rosário
5.72;MA;2108306;Penalva
7.77;MA;2108405;Peri Mirim
14.71;MA;2108454;Peritoró
7.57;MA;2108504;Pindaré-Mirim
5.76;MA;2108603;Pinheiro
5.15;MA;2108702;Pio XII
5.42;MA;2108801;Pirapemas
3.83;MA;2108900;Poção de Pedras
8.21;MA;2109007;Porto Franco
0.66;MA;2109056;Porto Rico do Maranhão
5.73;MA;2109106;Presidente Dutra
9.7;MA;2109205;Presidente Juscelino
7.61;MA;2109239;Presidente Médici
4.62;MA;2109270;Presidente Sarney
6.48;MA;2109304;Presidente Vargas
3.94;MA;2109403;Primeira Cruz
10.59;MA;2109452;Raposa
6.72;MA;2109502;Riachão
20.63;MA;2109551;Ribamar Fiquene
10.88;MA;2109601;Rosário
8.49;MA;2109700;Sambaíba
16.7;MA;2109759;Santa Filomena do Maranhão
8.52;MA;2109809;Santa Helena
8.39;MA;2109908;Santa Inês
6.15;MA;2110005;Santa Luzia
7.2;MA;2110039;Santa Luzia do Paruá
6.47;MA;2110104;Santa Quitéria do Maranhão
10.88;MA;2110203;Santa Rita
15.46;MA;2110237;Santana do Maranhão
5.96;MA;2110278;Santo Amaro do Maranhão
8.14;MA;2110302;Santo Antônio dos Lopes
6.78;MA;2110401;São Benedito do Rio Preto
10.56;MA;2110500;São Bento
7.3;MA;2110609;São Bernardo
9.02;MA;2110658;São Domingos do Azeitão
4.34;MA;2110708;São Domingos do Maranhão
6.08;MA;2110807;São Félix de Balsas
7.46;MA;2110856;São Francisco do Brejão
2.57;MA;2110906;São Francisco do Maranhão
10.76;MA;2111003;São João Batista
5.91;MA;2111029;São João do Carú
3.13;MA;2111052;São João do Paraíso
3.85;MA;2111078;São João do Soter
6.21;MA;2111102;São João dos Patos
11.46;MA;2111201;São José de Ribamar
4.16;MA;2111250;São José dos Basílios
11.92;MA;2111300;São Luís
3.74;MA;2111409;São Luís Gonzaga do Maranhão
11.99;MA;2111508;São Mateus do Maranhão
14.78;MA;2111532;São Pedro da Água Branca
3.98;MA;2111573;São Pedro dos Crentes
7.64;MA;2111607;São Raimundo das Mangabeiras
2.91;MA;2111631;São Raimundo do Doca Bezerra
3.56;MA;2111672;São Roberto
4.72;MA;2111706;São Vicente Ferrer
1.28;MA;2111722;Satubinha
5.61;MA;2111748;Senador Alexandre Costa
7.59;MA;2111763;Senador La Rocque
5.74;MA;2111789;Serrano do Maranhão
2.27;MA;2111805;Sítio Novo
5.81;MA;2111904;Sucupira do Norte
2.78;MA;2111953;Sucupira do Riachão
7.23;MA;2112001;Tasso Fragoso
5.78;MA;2112100;Timbiras
7.61;MA;2112209;Timon
5.28;MA;2112233;Trizidela do Vale
8.23;MA;2112274;Tufilândia
6.18;MA;2112308;Tuntum
8.27;MA;2112407;Turiaçu
7.07;MA;2112456;Turilândia
4.52;MA;2112506;Tutóia
7.06;MA;2112605;Urbano Santos
12.06;MA;2112704;Vargem Grande
5.89;MA;2112803;Viana
9.19;MA;2112852;Vila Nova dos Martírios
5.33;MA;2112902;Vitória do Mearim
4.99;MA;2113009;Vitorino Freire
6.34;MA;2114007;Zé Doca
3.52;PI;2200053;Acauã
3.71;PI;2200103;Agricolândia
6.16;PI;2200202;Água Branca
5.2;PI;2200251;Alagoinha do Piauí
15.06;PI;2200277;Alegrete do Piauí
5.1;PI;2200301;Alto Longá
6.28;PI;2200400;Altos
10.65;PI;2200459;Alvorada do Gurguéia
5.2;PI;2200509;Amarante
7.3;PI;2200608;Angical do Piauí
8.17;PI;2200707;Anísio de Abreu
13.04;PI;2200806;Antônio Almeida
11.26;PI;2200905;Aroazes
15.36;PI;2200954;Aroeiras de Itaim
6.59;PI;2201002;Arraial
25.67;PI;2201051;Assunção do Piauí
13.11;PI;2201101;Avelino Lopes
14.61;PI;2201150;Baixa Grande do Ribeiro
8.94;PI;2201176;Barra D'Alcântara
4.67;PI;2201200;Barras
5.29;PI;2201309;Barreiras do Piauí
7.7;PI;2201408;Barro Duro
5.47;PI;2201507;Batalha
6.76;PI;2201556;Bela Vista do Piauí
8.35;PI;2201572;Belém do Piauí
2.5;PI;2201606;Beneditinos
11.14;PI;2201705;Bertolínia
3.91;PI;2201739;Betânia do Piauí
5.15;PI;2201770;Boa Hora
7.86;PI;2201804;Bocaina
6.96;PI;2201903;Bom Jesus
2.45;PI;2201919;Bom Princípio do Piauí
4.41;PI;2201929;Bonfim do Piauí
8.15;PI;2201945;Boqueirão do Piauí
4.09;PI;2201960;Brasileira
6.94;PI;2201988;Brejo do Piauí
8.49;PI;2202000;Buriti dos Lopes
5.82;PI;2202026;Buriti dos Montes
5.25;PI;2202059;Cabeceiras do Piauí
11.48;PI;2202075;Cajazeiras do Piauí
6.04;PI;2202083;Cajueiro da Praia
2.54;PI;2202091;Caldeirão Grande do Piauí
3.66;PI;2202109;Campinas do Piauí
39.15;PI;2202117;Campo Alegre do Fidalgo
6.99;PI;2202133;Campo Grande do Piauí
2.52;PI;2202174;Campo Largo do Piauí
8.4;PI;2202208;Campo Maior
17.03;PI;2202251;Canavieira
10.4;PI;2202307;Canto do Buriti
4.55;PI;2202406;Capitão de Campos
4.35;PI;2202455;Capitão Gervásio Oliveira
10.02;PI;2202505;Caracol
2.64;PI;2202539;Caraúbas do Piauí
9.11;PI;2202554;Caridade do Piauí
7.54;PI;2202604;Castelo do Piauí
4.64;PI;2202653;Caxingó
5.39;PI;2202703;Cocal
12.17;PI;2202711;Cocal de Telha
2.83;PI;2202729;Cocal dos Alves
4.35;PI;2202737;Coivaras
7.8;PI;2202752;Colônia do Gurguéia
3.06;PI;2202778;Colônia do Piauí
4.28;PI;2202802;Conceição do Canindé
8.17;PI;2202851;Coronel José Dias
8.67;PI;2202901;Corrente
7.12;PI;2203008;Cristalândia do Piauí
5.37;PI;2203107;Cristino Castro
6.88;PI;2203206;Curimatá
6.99;PI;2203230;Currais
8.37;PI;2203255;Curralinhos
2.4;PI;2203271;Curral Novo do Piauí
9.39;PI;2203305;Demerval Lobão
6.83;PI;2203354;Dirceu Arcoverde
9.85;PI;2203404;Dom Expedito Lopes
4.48;PI;2203420;Domingos Mourão
3.64;PI;2203453;Dom Inocêncio
5.02;PI;2203503;Elesbão Veloso
6.51;PI;2203602;Eliseu Martins
6.38;PI;2203701;Esperantina
4.68;PI;2203750;Fartura do Piauí
10.18;PI;2203800;Flores do Piauí
5.68;PI;2203859;Floresta do Piauí
6.68;PI;2203909;Floriano
15.17;PI;2204006;Francinópolis
4.31;PI;2204105;Francisco Ayres
15.46;PI;2204154;Francisco Macedo
5.05;PI;2204204;Francisco Santos
10.3;PI;2204303;Fronteiras
8.31;PI;2204352;Geminiano
7.47;PI;2204402;Gilbués
6.75;PI;2204501;Guadalupe
12.43;PI;2204550;Guaribas
10.52;PI;2204600;Hugo Napoleão
6.97;PI;2204659;Ilha Grande
3.9;PI;2204709;Inhuma
7.93;PI;2204808;Ipiranga do Piauí
5.45;PI;2204907;Isaías Coelho
4.9;PI;2205003;Itainópolis
5.71;PI;2205102;Itaueira
9.24;PI;2205151;Jacobina do Piauí
5.24;PI;2205201;Jaicós
6.29;PI;2205250;Jardim do Mulato
1.63;PI;2205276;Jatobá do Piauí
12.71;PI;2205300;Jerumenha
6.02;PI;2205359;João Costa
6.37;PI;2205409;Joaquim Pires
1.41;PI;2205458;Joca Marques
8.49;PI;2205508;José de Freitas
7.09;PI;2205516;Juazeiro do Piauí
5.06;PI;2205524;Júlio Borges
13.5;PI;2205532;Jurema
2.58;PI;2205540;Lagoinha do Piauí
9.54;PI;2205557;Lagoa Alegre
8.18;PI;2205565;Lagoa do Barro do Piauí
6.19;PI;2205573;Lagoa de São Francisco
5.33;PI;2205581;Lagoa do Piauí
13.7;PI;2205599;Lagoa do Sítio
3.76;PI;2205607;Landri Sales
8.74;PI;2205706;Luís Correia
3.49;PI;2205805;Luzilândia
4.72;PI;2205854;Madeiro
5.62;PI;2205904;Manoel Emídio
2.67;PI;2205953;Marcolândia
13.79;PI;2206001;Marcos Parente
7.22;PI;2206050;Massapê do Piauí
5.89;PI;2206100;Matias Olímpio
5.57;PI;2206209;Miguel Alves
2.45;PI;2206308;Miguel Leão
9.87;PI;2206357;Milton Brandão
10.58;PI;2206407;Monsenhor Gil
1.15;PI;2206506;Monsenhor Hipólito
9.18;PI;2206605;Monte Alegre do Piauí
3.5;PI;2206654;Morro Cabeça no Tempo
3.62;PI;2206670;Morro do Chapéu do Piauí
8.61;PI;2206696;Murici dos Portelas
7.68;PI;2206704;Nazaré do Piauí
9.42;PI;2206720;Nazária
12.48;PI;2206753;Nossa Senhora de Nazaré
3.23;PI;2206803;Nossa Senhora dos Remédios
13.74;PI;2206902;Novo Oriente do Piauí
2.9;PI;2206951;Novo Santo Antônio
5.76;PI;2207009;Oeiras
16.43;PI;2207108;Olho D'Água do Piauí
11.03;PI;2207207;Padre Marcos
11.88;PI;2207306;Paes Landim
4.99;PI;2207355;Pajeú do Piauí
3.02;PI;2207405;Palmeira do Piauí
16.6;PI;2207504;Palmeirais
4.36;PI;2207553;Paquetá
10.43;PI;2207603;Parnaguá
9.71;PI;2207702;Parnaíba
4.9;PI;2207751;Passagem Franca do Piauí
6.28;PI;2207777;Patos do Piauí
1.84;PI;2207793;Pau D'Arco do Piauí
6.46;PI;2207801;Paulistana
4.74;PI;2207850;Pavussu
4.64;PI;2207900;Pedro II
4.5;PI;2207934;Pedro Laurentino
6.55;PI;2207959;Nova Santa Rita
7.63;PI;2208007;Picos
5.1;PI;2208106;Pimenteiras
6.22;PI;2208205;Pio IX
6.47;PI;2208304;Piracuruca
4.33;PI;2208403;Piripiri
2.59;PI;2208502;Porto
8.36;PI;2208551;Porto Alegre do Piauí
13.25;PI;2208601;Prata do Piauí
6.02;PI;2208650;Queimada Nova
7.06;PI;2208700;Redenção do Gurguéia
9.38;PI;2208809;Regeneração
18.71;PI;2208858;Riacho Frio
6.51;PI;2208874;Ribeira do Piauí
8.77;PI;2208908;Ribeiro Gonçalves
6.52;PI;2209005;Rio Grande do Piauí
3.07;PI;2209104;Santa Cruz do Piauí
6.96;PI;2209153;Santa Cruz dos Milagres
9.07;PI;2209203;Santa Filomena
11.2;PI;2209302;Santa Luz
2.97;PI;2209351;Santana do Piauí
8.48;PI;2209377;Santa Rosa do Piauí
2.18;PI;2209401;Santo Antônio de Lisboa
12.95;PI;2209450;Santo Antônio dos Milagres
12.32;PI;2209500;Santo Inácio do Piauí
3.35;PI;2209559;São Braz do Piauí
5.42;PI;2209609;São Félix do Piauí
3.07;PI;2209658;São Francisco de Assis do Piauí
6.79;PI;2209708;São Francisco do Piauí
21.75;PI;2209757;São Gonçalo do Gurguéia
18.27;PI;2209807;São Gonçalo do Piauí
11.07;PI;2209856;São João da Canabrava
7.65;PI;2209872;São João da Fronteira
7.16;PI;2209906;São João da Serra
7.93;PI;2209955;São João da Varjota
4.85;PI;2209971;São João do Arraial
6.67;PI;2210003;São João do Piauí
3.1;PI;2210052;São José do Divino
5.03;PI;2210102;São José do Peixe
3.66;PI;2210201;São José do Piauí
6.18;PI;2210300;São Julião
4.17;PI;2210359;São Lourenço do Piauí
3.58;PI;2210375;São Luis do Piauí
4.21;PI;2210383;São Miguel da Baixa Grande
4.69;PI;2210391;São Miguel do Fidalgo
6.07;PI;2210409;São Miguel do Tapuio
6.9;PI;2210508;São Pedro do Piauí
5.38;PI;2210607;São Raimundo Nonato
9.58;PI;2210623;Sebastião Barros
26.87;PI;2210631;Sebastião Leal
6.25;PI;2210656;Sigefredo Pacheco
4.87;PI;2210706;Simões
8.7;PI;2210805;Simplício Mendes
13.58;PI;2210904;Socorro do Piauí
5.23;PI;2210938;Sussuapara
5.8;PI;2210953;Tamboril do Piauí
1.72;PI;2210979;Tanque do Piauí
9.55;PI;2211001;Teresina
6.32;PI;2211100;União
7.04;PI;2211209;Uruçuí
8.24;PI;2211308;Valença do Piauí
3.42;PI;2211357;Várzea Branca
4.91;PI;2211407;Várzea Grande
4.66;PI;2211506;Vera Mendes
5.09;PI;2211605;Vila Nova do Piauí
5.08;PI;2211704;Wall Ferraz
9.23;CE;2300101;Abaiara
6.92;CE;2300150;Acarapé
7.86;CE;2300200;Acaraú
6.04;CE;2300309;Acopiara
3.69;CE;2300408;Aiuaba
4.69;CE;2300507;Alcântaras
6.97;CE;2300606;Altaneira
5.29;CE;2300705;Alto Santo
7.04;CE;2300754;Amontada
6.52;CE;2300804;Antonina do Norte
5.02;CE;2300903;Apuiarés
7.6;CE;2301000;Aquiraz
10.03;CE;2301109;Aracati
5.63;CE;2301208;Aracoiaba
12.71;CE;2301257;Ararendá
4.95;CE;2301307;Araripe
4.44;CE;2301406;Aratuba
6.24;CE;2301505;Arneiroz
4.47;CE;2301604;Assaré
6.22;CE;2301703;Aurora
6.4;CE;2301802;Baixio
5.68;CE;2301851;Banabuiú
9.89;CE;2301901;Barbalha
10.29;CE;2301950;Barreira
5.34;CE;2302008;Barro
2.8;CE;2302057;Barroquinha
7.59;CE;2302107;Baturité
6.52;CE;2302206;Beberibe
6.32;CE;2302305;Bela Cruz
6.3;CE;2302404;Boa Viagem
8.22;CE;2302503;Brejo Santo
9.18;CE;2302602;Camocim
5.27;CE;2302701;Campos Sales
9.4;CE;2302800;Canindé
6.43;CE;2302909;Capistrano
9.94;CE;2303006;Caridade
5.79;CE;2303105;Cariré
6.83;CE;2303204;Caririaçu
3.64;CE;2303303;Cariús
2.64;CE;2303402;Carnaubal
8.71;CE;2303501;Cascavel
16.48;CE;2303600;Catarina
5.37;CE;2303659;Catunda
8.38;CE;2303709;Caucaia
5.55;CE;2303808;Cedro
4.82;CE;2303907;Chaval
10.5;CE;2303931;Choró
7.4;CE;2303956;Chorozinho
7.55;CE;2304004;Coreaú
9.94;CE;2304103;Crateús
8.62;CE;2304202;Crato
5.21;CE;2304236;Croatá
4.06;CE;2304251;Cruz
3.89;CE;2304269;Deputado Irapuan Pinheiro
8.01;CE;2304277;Ererê
7.78;CE;2304285;Eusébio
7.2;CE;2304301;Farias Brito
6.56;CE;2304350;Forquilha
7.53;CE;2304400;Fortaleza
9.82;CE;2304459;Fortim
4.28;CE;2304509;Frecheirinha
7.17;CE;2304608;General Sampaio
7.41;CE;2304657;Graça
6.82;CE;2304707;Granja
5.48;CE;2304806;Granjeiro
5.41;CE;2304905;Groaíras
8.76;CE;2304954;Guaiúba
4.67;CE;2305001;Guaraciaba do Norte
9.82;CE;2305100;Guaramiranga
4.94;CE;2305209;Hidrolândia
8.89;CE;2305233;Horizonte
4.09;CE;2305266;Ibaretama
2.2;CE;2305308;Ibiapina
8.91;CE;2305332;Ibicuitinga
8.33;CE;2305357;Icapuí
5.72;CE;2305407;Icó
6.82;CE;2305506;Iguatu
8.75;CE;2305605;Independência
7.97;CE;2305654;Ipaporanga
7.75;CE;2305704;Ipaumirim
5.41;CE;2305803;Ipu
7.39;CE;2305902;Ipueiras
8.25;CE;2306009;Iracema
15.49;CE;2306108;Irauçuba
10.35;CE;2306207;Itaiçaba
11.43;CE;2306256;Itaitinga
9.18;CE;2306306;Itapagé
9.69;CE;2306405;Itapipoca
5.94;CE;2306504;Itapiúna
4.95;CE;2306553;Itarema
10.04;CE;2306603;Itatira
6.13;CE;2306702;Jaguaretama
5.12;CE;2306801;Jaguaribara
6.9;CE;2306900;Jaguaribe
7.74;CE;2307007;Jaguaruana
4.92;CE;2307106;Jardim
6.38;CE;2307205;Jati
5.46;CE;2307254;Jijoca de Jericoacoara
9.59;CE;2307304;Juazeiro do Norte
8.78;CE;2307403;Jucás
7.78;CE;2307502;Lavras da Mangabeira
9.02;CE;2307601;Limoeiro do Norte
9.35;CE;2307635;Madalena
10.31;CE;2307650;Maracanaú
8.42;CE;2307700;Maranguape
7.06;CE;2307809;Marco
6.98;CE;2307908;Martinópole
8.03;CE;2308005;Massapê
8.37;CE;2308104;Mauriti
3.19;CE;2308203;Meruoca
8.03;CE;2308302;Milagres
4.16;CE;2308351;Milhã
12.89;CE;2308377;Miraíma
4.28;CE;2308401;Missão Velha
4.81;CE;2308500;Mombaça
10.34;CE;2308609;Monsenhor Tabosa
7.95;CE;2308708;Morada Nova
8.32;CE;2308807;Moraújo
6.43;CE;2308906;Morrinhos
7.31;CE;2309003;Mucambo
5.28;CE;2309102;Mulungu
5.28;CE;2309201;Nova Olinda
5.13;CE;2309300;Nova Russas
6.73;CE;2309409;Novo Oriente
7.33;CE;2309458;Ocara
4.72;CE;2309508;Orós
9.7;CE;2309607;Pacajus
12.67;CE;2309706;Pacatuba
7.65;CE;2309805;Pacoti
5.78;CE;2309904;Pacujá
4.27;CE;2310001;Palhano
5.03;CE;2310100;Palmácia
6.12;CE;2310209;Paracuru
5.62;CE;2310258;Paraipaba
6.43;CE;2310308;Parambu
6.58;CE;2310407;Paramoti
6.55;CE;2310506;Pedra Branca
10.67;CE;2310605;Penaforte
9.01;CE;2310704;Pentecoste
3.64;CE;2310803;Pereiro
5.76;CE;2310852;Pindoretama
6.12;CE;2310902;Piquet Carneiro
7.97;CE;2310951;Pires Ferreira
8.45;CE;2311009;Poranga
10.17;CE;2311108;Porteiras
14.9;CE;2311207;Potengi
7.81;CE;2311231;Potiretama
5.59;CE;2311264;Quiterianópolis
8.36;CE;2311306;Quixadá
3.43;CE;2311355;Quixelô
6.42;CE;2311405;Quixeramobim
11.65;CE;2311504;Quixeré
4.63;CE;2311603;Redenção
5.43;CE;2311702;Reriutaba
6.19;CE;2311801;Russas
6.07;CE;2311900;Saboeiro
1.63;CE;2311959;Salitre
8.69;CE;2312007;Santana do Acaraú
5.64;CE;2312106;Santana do Cariri
7.24;CE;2312205;Santa Quitéria
3.59;CE;2312304;São Benedito
8.49;CE;2312403;São Gonçalo do Amarante
3.72;CE;2312502;São João do Jaguaribe
11.34;CE;2312601;São Luís do Curu
7.99;CE;2312700;Senador Pompeu
4.79;CE;2312809;Senador Sá
7.53;CE;2312908;Sobral
5.49;CE;2313005;Solonópole
9.6;CE;2313104;Tabuleiro do Norte
5.39;CE;2313203;Tamboril
8.35;CE;2313252;Tarrafas
5.7;CE;2313302;Tauá
8.32;CE;2313351;Tejuçuoca
4.37;CE;2313401;Tianguá
3.8;CE;2313500;Trairi
11.61;CE;2313559;Tururu
7.17;CE;2313609;Ubajara
5.7;CE;2313708;Umari
9.07;CE;2313757;Umirim
11.0;CE;2313807;Uruburetama
7.68;CE;2313906;Uruoca
7.95;CE;2313955;Varjota
4.98;CE;2314003;Várzea Alegre
4.6;CE;2314102;Viçosa do Ceará
3.24;RN;2400109;Acari
10.09;RN;2400208;Açu
11.68;RN;2400307;Afonso Bezerra
19.57;RN;2400406;Água Nova
12.11;RN;2400505;Alexandria
8.4;RN;2400604;Almino Afonso
12.73;RN;2400703;Alto do Rodrigues
10.3;RN;2400802;Angicos
6.7;RN;2400901;Antônio Martins
9.16;RN;2401008;Apodi
13.91;RN;2401107;Areia Branca
16.23;RN;2401206;Arês
7.13;RN;2401305;Augusto Severo
9.02;RN;2401404;Baía Formosa
11.53;RN;2401453;Baraúna
7.65;RN;2401503;Barcelona
9.27;RN;2401602;Bento Fernandes
7.16;RN;2401651;Bodó
8.77;RN;2401701;Bom Jesus
7.02;RN;2401800;Brejinho
7.25;RN;2401859;Caiçara do Norte
9.47;RN;2401909;Caiçara do Rio do Vento
6.65;RN;2402006;Caicó
9.08;RN;2402105;Campo Redondo
15.47;RN;2402204;Canguaretama
10.02;RN;2402303;Caraúbas
3.74;RN;2402402;Carnaúba dos Dantas
15.25;RN;2402501;Carnaubais
12.1;RN;2402600;Ceará-Mirim
6.2;RN;2402709;Cerro Corá
5.2;RN;2402808;Coronel Ezequiel
2.82;RN;2402907;Coronel João Pessoa
5.39;RN;2403004;Cruzeta
7.48;RN;2403103;Currais Novos
2.4;RN;2403202;Doutor Severiano
9.33;RN;2403251;Parnamirim
10.27;RN;2403301;Encanto
8.67;RN;2403400;Equador
12.54;RN;2403509;Espírito Santo
12.24;RN;2403608;Extremoz
10.83;RN;2403707;Felipe Guerra
13.0;RN;2403756;Fernando Pedroza
9.68;RN;2403806;Florânia
8.41;RN;2403905;Francisco Dantas
10.81;RN;2404002;Frutuoso Gomes
10.7;RN;2404101;Galinhos
11.34;RN;2404200;Goianinha
14.4;RN;2404309;Governador Dix-Sept Rosado
12.08;RN;2404408;Grossos
11.41;RN;2404507;Guamaré
4.83;RN;2404606;Ielmo Marinho
11.31;RN;2404705;Ipanguaçu
1.8;RN;2404804;Ipueira
4.9;RN;2404853;Itajá
10.89;RN;2404903;Itaú
5.49;RN;2405009;Jaçanã
13.21;RN;2405108;Jandaíra
5.87;RN;2405207;Janduís
3.4;RN;2405306;Januário Cicco
6.29;RN;2405405;Japi
3.53;RN;2405504;Jardim de Angicos
6.96;RN;2405603;Jardim de Piranhas
6.94;RN;2405702;Jardim do Seridó
11.46;RN;2405801;João Câmara
6.22;RN;2405900;João Dias
6.77;RN;2406007;José da Penha
9.11;RN;2406106;Jucurutu
3.59;RN;2406155;Jundiá
5.04;RN;2406205;Lagoa d'Anta
6.31;RN;2406304;Lagoa de Pedras
6.47;RN;2406403;Lagoa de Velhos
8.3;RN;2406502;Lagoa Nova
7.84;RN;2406601;Lagoa Salgada
13.13;RN;2406700;Lajes
5.19;RN;2406809;Lajes Pintadas
8.28;RN;2406908;Lucrécia
13.32;RN;2407005;Luís Gomes
11.34;RN;2407104;Macaíba
12.17;RN;2407203;Macau
14.25;RN;2407252;Major Sales
7.32;RN;2407302;Marcelino Vieira
7.98;RN;2407401;Martins
15.58;RN;2407500;Maxaranguape
6.24;RN;2407609;Messias Targino
7.49;RN;2407708;Montanhas
11.15;RN;2407807;Monte Alegre
4.04;RN;2407906;Monte das Gameleiras
10.22;RN;2408003;Mossoró
9.97;RN;2408102;Natal
9.61;RN;2408201;Nísia Floresta
9.41;RN;2408300;Nova Cruz
9.76;RN;2408409;Olho-d'Água do Borges
2.48;RN;2408508;Ouro Branco
8.22;RN;2408607;Paraná
14.19;RN;2408706;Paraú
15.06;RN;2408805;Parazinho
6.89;RN;2408904;Parelhas
8.25;RN;2408953;Rio do Fogo
11.14;RN;2409100;Passa e Fica
15.7;RN;2409209;Passagem
9.05;RN;2409308;Patu
16.1;RN;2409332;Santa Maria
7.58;RN;2409407;Pau dos Ferros
10.84;RN;2409506;Pedra Grande
1.78;RN;2409605;Pedra Preta
8.25;RN;2409704;Pedro Avelino
13.07;RN;2409803;Pedro Velho
19.1;RN;2409902;Pendências
15.57;RN;2410009;Pilões
7.49;RN;2410108;Poço Branco
7.93;RN;2410207;Portalegre
13.22;RN;2410256;Porto do Mangue
6.96;RN;2410306;Presidente Juscelino
7.72;RN;2410405;Pureza
6.91;RN;2410504;Rafael Fernandes
14.9;RN;2410603;Rafael Godeiro
25.04;RN;2410702;Riacho da Cruz
12.26;RN;2410801;Riacho de Santana
18.99;RN;2410900;Riachuelo
12.8;RN;2411007;Rodolfo Fernandes
7.46;RN;2411056;Tibau
12.01;RN;2411106;Ruy Barbosa
9.63;RN;2411205;Santa Cruz
9.39;RN;2411403;Santana do Matos
5.8;RN;2411429;Santana do Seridó
10.02;RN;2411502;Santo Antônio
18.79;RN;2411601;São Bento do Norte
5.61;RN;2411700;São Bento do Trairí
6.65;RN;2411809;São Fernando
8.26;RN;2411908;São Francisco do Oeste
11.84;RN;2412005;São Gonçalo do Amarante
3.91;RN;2412104;São João do Sabugi
11.01;RN;2412203;São José de Mipibu
8.4;RN;2412302;São José do Campestre
3.1;RN;2412401;São José do Seridó
7.34;RN;2412500;São Miguel
7.33;RN;2412559;São Miguel de Touros
12.85;RN;2412609;São Paulo do Potengi
11.56;RN;2412708;São Pedro
9.05;RN;2412807;São Rafael
7.04;RN;2412906;São Tomé
2.69;RN;2413003;São Vicente
6.37;RN;2413102;Senador Elói de Souza
11.48;RN;2413201;Senador Georgino Avelino
10.93;RN;2413300;Serra de São Bento
9.83;RN;2413359;Serra do Mel
2.59;RN;2413409;Serra Negra do Norte
5.25;RN;2413508;Serrinha
7.86;RN;2413557;Serrinha dos Pintos
11.0;RN;2413607;Severiano Melo
9.74;RN;2413706;Sítio Novo
7.31;RN;2413805;Taboleiro Grande
7.7;RN;2413904;Taipu
10.19;RN;2414001;Tangará
6.5;RN;2414100;Tenente Ananias
4.18;RN;2414159;Tenente Laurentino Cruz
7.78;RN;2414209;Tibau do Sul
2.66;RN;2414308;Timbaúba dos Batistas
6.82;RN;2414407;Touros
7.99;RN;2414456;Triunfo Potiguar
7.41;RN;2414506;Umarizal
7.14;RN;2414605;Upanema
10.93;RN;2414704;Várzea
13.81;RN;2414753;Venha-Ver
3.48;RN;2414803;Vera Cruz
14.58;RN;2414902;Viçosa
18.9;RN;2415008;Vila Flor
4.34;PB;2500106;Água Branca
4.24;PB;2500205;Aguiar
9.62;PB;2500304;Alagoa Grande
6.67;PB;2500403;Alagoa Nova
6.52;PB;2500502;Alagoinha
3.2;PB;2500536;Alcantil
6.96;PB;2500577;Algodão de Jandaíra
12.85;PB;2500601;Alhandra
6.74;PB;2500700;São João do Rio do Peixe
9.83;PB;2500734;Amparo
8.66;PB;2500775;Aparecida
5.32;PB;2500809;Araçagi
4.2;PB;2500908;Arara
5.88;PB;2501005;Araruna
6.66;PB;2501104;Areia
6.21;PB;2501153;Areia de Baraúnas
5.49;PB;2501203;Areial
5.78;PB;2501302;Aroeiras
7.72;PB;2501351;Assunção
9.38;PB;2501401;Baía da Traição
6.16;PB;2501500;Bananeiras
6.83;PB;2501534;Baraúna
5.57;PB;2501575;Barra de Santana
4.73;PB;2501609;Barra de Santa Rosa
0.8;PB;2501708;Barra de São Miguel
11.71;PB;2501807;Bayeux
8.2;PB;2501906;Belém
8.73;PB;2502003;Belém do Brejo do Cruz
5.43;PB;2502052;Bernardino Batista
7.08;PB;2502102;Boa Ventura
5.16;PB;2502151;Boa Vista
12.85;PB;2502201;Bom Jesus
4.46;PB;2502300;Bom Sucesso
4.17;PB;2502409;Bonito de Santa Fé
5.83;PB;2502508;Boqueirão
5.56;PB;2502607;Igaracy
5.69;PB;2502706;Borborema
6.94;PB;2502805;Brejo do Cruz
19.79;PB;2502904;Brejo dos Santos
12.24;PB;2503001;Caaporã
7.0;PB;2503100;Cabaceiras
11.46;PB;2503209;Cabedelo
8.61;PB;2503308;Cachoeira dos Índios
3.73;PB;2503407;Cacimba de Areia
6.89;PB;2503506;Cacimba de Dentro
7.9;PB;2503555;Cacimbas
7.9;PB;2503605;Caiçara
6.28;PB;2503704;Cajazeiras
1.62;PB;2503753;Cajazeirinhas
9.18;PB;2503803;Caldas Brandão
6.18;PB;2503902;Camalaú
10.7;PB;2504009;Campina Grande
21.23;PB;2504033;Capim
2.52;PB;2504074;Caraúbas
1.91;PB;2504108;Carrapateira
2.75;PB;2504157;Casserengue
10.8;PB;2504207;Catingueira
7.96;PB;2504306;Catolé do Rocha
1.64;PB;2504355;Caturité
9.14;PB;2504405;Conceição
7.38;PB;2504504;Condado
8.01;PB;2504603;Conde
2.87;PB;2504702;Congo
8.18;PB;2504801;Coremas
4.83;PB;2504850;Coxixola
9.08;PB;2504900;Cruz do Espírito Santo
9.54;PB;2505006;Cubati
4.9;PB;2505105;Cuité
14.19;PB;2505204;Cuitegi
14.57;PB;2505238;Cuité de Mamanguape
4.04;PB;2505279;Curral de Cima
11.41;PB;2505303;Curral Velho
3.59;PB;2505352;Damião
4.15;PB;2505402;Desterro
5.02;PB;2505501;Vista Serrana
10.91;PB;2505600;Diamante
4.67;PB;2505709;Dona Inês
5.0;PB;2505808;Duas Estradas
9.11;PB;2505907;Emas
8.62;PB;2506004;Esperança
4.87;PB;2506103;Fagundes
3.22;PB;2506202;Frei Martinho
4.2;PB;2506251;Gado Bravo
8.57;PB;2506301;Guarabira
5.97;PB;2506400;Gurinhém
5.44;PB;2506509;Gurjão
6.48;PB;2506608;Ibiara
3.65;PB;2506707;Imaculada
9.12;PB;2506806;Ingá
8.31;PB;2506905;Itabaiana
10.66;PB;2507002;Itaporanga
10.28;PB;2507101;Itapororoca
9.56;PB;2507200;Itatuba
7.92;PB;2507309;Jacaraú
8.37;PB;2507408;Jericó
9.74;PB;2507507;João Pessoa
5.29;PB;2507606;Juarez Távora
4.17;PB;2507705;Juazeirinho
6.63;PB;2507804;Junco do Seridó
9.34;PB;2507903;Juripiranga
4.86;PB;2508000;Juru
5.78;PB;2508109;Lagoa
8.75;PB;2508208;Lagoa de Dentro
6.5;PB;2508307;Lagoa Seca
20.74;PB;2508406;Lastro
3.13;PB;2508505;Livramento
4.07;PB;2508554;Logradouro
9.93;PB;2508604;Lucena
8.82;PB;2508703;Mãe d'Água
9.73;PB;2508802;Malta
12.88;PB;2508901;Mamanguape
3.61;PB;2509008;Manaíra
4.64;PB;2509057;Marcação
9.78;PB;2509107;Mari
9.02;PB;2509156;Marizópolis
6.8;PB;2509206;Massaranduba
13.45;PB;2509305;Mataraca
4.29;PB;2509339;Matinhas
6.63;PB;2509370;Mato Grosso
6.04;PB;2509396;Maturéia
11.04;PB;2509404;Mogeiro
3.36;PB;2509503;Montadas
6.76;PB;2509602;Monte Horebe
4.55;PB;2509701;Monteiro
12.66;PB;2509800;Mulungu
4.64;PB;2509909;Natuba
5.6;PB;2510006;Nazarezinho
5.48;PB;2510105;Nova Floresta
10.46;PB;2510204;Nova Olinda
1.74;PB;2510303;Nova Palmeira
5.46;PB;2510402;Olho d'Água
10.72;PB;2510501;Olivedos
5.55;PB;2510600;Ouro Velho
5.32;PB;2510659;Parari
7.59;PB;2510709;Passagem
8.4;PB;2510808;Patos
3.8;PB;2510907;Paulista
19.14;PB;2511004;Pedra Branca
5.69;PB;2511103;Pedra Lavrada
10.09;PB;2511202;Pedras de Fogo
8.12;PB;2511301;Piancó
5.61;PB;2511400;Picuí
9.05;PB;2511509;Pilar
6.49;PB;2511608;Pilões
3.71;PB;2511707;Pilõezinhos
9.95;PB;2511806;Pirpirituba
6.64;PB;2511905;Pitimbu
8.59;PB;2512002;Pocinhos
2.45;PB;2512036;Poço Dantas
4.47;PB;2512077;Poço de José de Moura
7.47;PB;2512101;Pombal
6.91;PB;2512200;Prata
6.51;PB;2512309;Princesa Isabel
4.2;PB;2512408;Puxinanã
8.09;PB;2512507;Queimadas
13.33;PB;2512606;Quixabá
6.06;PB;2512705;Remígio
5.27;PB;2512721;Pedro Régis
3.48;PB;2512747;Riachão
7.7;PB;2512754;Riachão do Bacamarte
4.0;PB;2512762;Riachão do Poço
5.91;PB;2512788;Riacho de Santo Antônio
4.85;PB;2512804;Riacho dos Cavalos
10.58;PB;2512903;Rio Tinto
5.25;PB;2513000;Salgadinho
7.68;PB;2513109;Salgado de São Félix
1.45;PB;2513158;Santa Cecília
3.95;PB;2513208;Santa Cruz
13.68;PB;2513307;Santa Helena
13.82;PB;2513356;Santa Inês
7.68;PB;2513406;Santa Luzia
5.77;PB;2513505;Santana de Mangueira
7.23;PB;2513604;Santana dos Garrotes
2.27;PB;2513653;Santarém
11.31;PB;2513703;Santa Rita
6.91;PB;2513802;Santa Teresinha
4.31;PB;2513851;Santo André
2.65;PB;2513901;São Bento
6.58;PB;2513927;São Bentinho
4.55;PB;2513943;São Domingos do Cariri
6.05;PB;2513968;São Domingos de Pombal
4.75;PB;2513984;São Francisco
5.52;PB;2514008;São João do Cariri
2.21;PB;2514107;São João do Tigre
5.52;PB;2514206;São José da Lagoa Tapada
3.35;PB;2514305;São José de Caiana
2.56;PB;2514404;São José de Espinharas
4.46;PB;2514453;São José dos Ramos
6.83;PB;2514503;São José de Piranhas
4.55;PB;2514552;São José de Princesa
7.1;PB;2514602;São José do Bonfim
16.06;PB;2514651;São José do Brejo do Cruz
2.75;PB;2514701;São José do Sabugi
3.17;PB;2514800;São José dos Cordeiros
6.33;PB;2514909;São Mamede
2.97;PB;2515005;São Miguel de Taipu
6.87;PB;2515104;São Sebastião de Lagoa de Roça
7.46;PB;2515203;São Sebastião do Umbuzeiro
13.09;PB;2515302;Sapé
6.52;PB;2515401;Seridó
6.61;PB;2515500;Serra Branca
7.82;PB;2515609;Serra da Raiz
5.87;PB;2515708;Serra Grande
5.31;PB;2515807;Serra Redonda
4.59;PB;2515906;Serraria
4.67;PB;2515930;Sertãozinho
7.09;PB;2515971;Sobrado
7.11;PB;2516003;Solânea
5.23;PB;2516102;Soledade
2.02;PB;2516151;Sossêgo
9.75;PB;2516201;Sousa
8.03;PB;2516300;Sumé
9.81;PB;2516409;Campo de Santana
7.98;PB;2516508;Taperoá
6.44;PB;2516607;Tavares
6.21;PB;2516706;Teixeira
6.13;PB;2516755;Tenório
7.52;PB;2516805;Triunfo
6.16;PB;2516904;Uiraúna
3.95;PB;2517001;Umbuzeiro
5.76;PB;2517100;Várzea
9.19;PB;2517209;Vieirópolis
7.85;PB;2517407;Zabelê
17.97;PE;2600054;Abreu e Lima
7.59;PE;2600104;Afogados da Ingazeira
6.2;PE;2600203;Afrânio
6.46;PE;2600302;Agrestina
21.19;PE;2600401;Água Preta
6.55;PE;2600500;Águas Belas
5.52;PE;2600609;Alagoinha
16.68;PE;2600708;Aliança
4.67;PE;2600807;Altinho
10.89;PE;2600906;Amaraji
4.27;PE;2601003;Angelim
22.89;PE;2601052;Araçoiaba
5.4;PE;2601102;Araripina
10.86;PE;2601201;Arcoverde
8.32;PE;2601300;Barra de Guabiraba
17.93;PE;2601409;Barreiros
9.38;PE;2601508;Belém de Maria
7.26;PE;2601607;Belém de São Francisco
9.3;PE;2601706;Belo Jardim
3.59;PE;2601805;Betânia
9.17;PE;2601904;Bezerros
6.07;PE;2602001;Bodocó
8.04;PE;2602100;Bom Conselho
5.63;PE;2602209;Bom Jardim
11.34;PE;2602308;Bonito
7.93;PE;2602407;Brejão
6.89;PE;2602506;Brejinho
4.9;PE;2602605;Brejo da Madre de Deus
11.04;PE;2602704;Buenos Aires
7.26;PE;2602803;Buíque
16.77;PE;2602902;Cabo de Santo Agostinho
10.19;PE;2603009;Cabrobó
5.55;PE;2603108;Cachoeirinha
2.9;PE;2603207;Caetés
1.79;PE;2603306;Calçado
9.91;PE;2603405;Calumbi
14.61;PE;2603454;Camaragibe
10.18;PE;2603504;Camocim de São Félix
12.29;PE;2603603;Camutanga
4.86;PE;2603702;Canhotinho
3.6;PE;2603801;Capoeiras
6.37;PE;2603900;Carnaíba
7.82;PE;2603926;Carnaubeira da Penha
11.98;PE;2604007;Carpina
6.7;PE;2604106;Caruaru
9.01;PE;2604155;Casinhas
16.23;PE;2604205;Catende
6.01;PE;2604304;Cedro
18.45;PE;2604403;Chã de Alegria
8.2;PE;2604502;Chã Grande
14.82;PE;2604601;Condado
4.92;PE;2604700;Correntes
6.6;PE;2604809;Cortês
7.22;PE;2604908;Cumaru
5.78;PE;2605004;Cupira
7.6;PE;2605103;Custódia
2.96;PE;2605152;Dormentes
16.58;PE;2605202;Escada
7.19;PE;2605301;Exu
8.75;PE;2605400;Feira Nova
3.0;PE;2605459;Fernando de Noronha
10.8;PE;2605509;Ferreiros
5.37;PE;2605608;Flores
8.16;PE;2605707;Floresta
3.88;PE;2605806;Frei Miguelinho
13.12;PE;2605905;Gameleira
11.02;PE;2606002;Garanhuns
6.89;PE;2606101;Glória do Goitá
15.33;PE;2606200;Goiana
3.19;PE;2606309;Granito
10.16;PE;2606408;Gravatá
4.89;PE;2606507;Iati
7.44;PE;2606606;Ibimirim
1.91;PE;2606705;Ibirajuba
16.92;PE;2606804;Igarassu
7.81;PE;2606903;Iguaraci
7.39;PE;2607000;Inajá
6.87;PE;2607109;Ingazeira
14.56;PE;2607208;Ipojuca
9.74;PE;2607307;Ipubi
16.89;PE;2607406;Itacuruba
4.22;PE;2607505;Itaíba
14.12;PE;2607604;Itamaracá
14.45;PE;2607653;Itambé
5.62;PE;2607703;Itapetim
12.41;PE;2607752;Itapissuma
16.61;PE;2607802;Itaquitinga
13.48;PE;2607901;Jaboatão dos Guararapes
17.6;PE;2607950;Jaqueira
3.94;PE;2608008;Jataúba
9.95;PE;2608057;Jatobá
5.55;PE;2608107;João Alfredo
13.84;PE;2608206;Joaquim Nabuco
1.51;PE;2608255;Jucati
3.17;PE;2608305;Jupi
4.18;PE;2608404;Jurema
8.05;PE;2608453;Lagoa do Carro
11.5;PE;2608503;Lagoa do Itaenga
7.37;PE;2608602;Lagoa do Ouro
5.02;PE;2608701;Lagoa dos Gatos
11.1;PE;2608750;Lagoa Grande
5.55;PE;2608800;Lajedo
9.18;PE;2608909;Limoeiro
10.4;PE;2609006;Macaparana
7.29;PE;2609105;Machados
5.08;PE;2609154;Manari
9.48;PE;2609204;Maraial
8.21;PE;2609303;Mirandiba
18.1;PE;2609402;Moreno
12.48;PE;2609501;Nazaré da Mata
13.01;PE;2609600;Olinda
6.85;PE;2609709;Orobó
5.73;PE;2609808;Orocó
8.69;PE;2609907;Ouricuri
16.6;PE;2610004;Palmares
13.36;PE;2610103;Palmeirina
6.03;PE;2610202;Panelas
2.84;PE;2610301;Paranatama
9.74;PE;2610400;Parnamirim
8.57;PE;2610509;Passira
14.68;PE;2610608;Paudalho
14.36;PE;2610707;Paulista
7.51;PE;2610806;Pedra
7.78;PE;2610905;Pesqueira
11.4;PE;2611002;Petrolândia
10.08;PE;2611101;Petrolina
2.52;PE;2611200;Poção
10.43;PE;2611309;Pombos
11.27;PE;2611408;Primavera
7.91;PE;2611507;Quipapá
3.47;PE;2611533;Quixaba
12.21;PE;2611606;Recife
4.94;PE;2611705;Riacho das Almas
15.35;PE;2611804;Ribeirão
16.31;PE;2611903;Rio Formoso
4.8;PE;2612000;Sairé
20.04;PE;2612109;Salgadinho
11.48;PE;2612208;Salgueiro
3.97;PE;2612307;Saloá
12.1;PE;2612406;Sanharó
9.06;PE;2612455;Santa Cruz
5.45;PE;2612471;Santa Cruz da Baixa Verde
2.24;PE;2612505;Santa Cruz do Capibaribe
4.84;PE;2612554;Santa Filomena
6.74;PE;2612604;Santa Maria da Boa Vista
1.89;PE;2612703;Santa Maria do Cambucá
17.52;PE;2612802;Santa Terezinha
14.05;PE;2612901;São Benedito do Sul
6.74;PE;2613008;São Bento do Una
5.37;PE;2613107;São Caitano
4.69;PE;2613206;São João
2.89;PE;2613305;São Joaquim do Monte
15.64;PE;2613404;São José da Coroa Grande
7.43;PE;2613503;São José do Belmonte
8.96;PE;2613602;São José do Egito
16.89;PE;2613701;São Lourenço da Mata
10.97;PE;2613800;São Vicente Ferrer
7.26;PE;2613909;Serra Talhada
6.69;PE;2614006;Serrita
8.7;PE;2614105;Sertânia
15.68;PE;2614204;Sirinhaém
4.76;PE;2614303;Moreilândia
5.73;PE;2614402;Solidão
6.91;PE;2614501;Surubim
7.64;PE;2614600;Tabira
3.8;PE;2614709;Tacaimbó
6.1;PE;2614808;Tacaratu
13.42;PE;2614857;Tamandaré
4.42;PE;2615003;Taquaritinga do Norte
4.98;PE;2615102;Terezinha
10.16;PE;2615201;Terra Nova
12.07;PE;2615300;Timbaúba
2.74;PE;2615409;Toritama
10.92;PE;2615508;Tracunhaém
8.51;PE;2615607;Trindade
4.3;PE;2615706;Triunfo
5.1;PE;2615805;Tupanatinga
5.62;PE;2615904;Tuparetama
7.66;PE;2616001;Venturosa
9.29;PE;2616100;Verdejante
3.22;PE;2616183;Vertente do Lério
4.79;PE;2616209;Vertentes
15.24;PE;2616308;Vicência
12.51;PE;2616407;Vitória de Santo Antão
17.19;PE;2616506;Xexéu
4.25;AL;2700102;Água Branca
13.85;AL;2700201;Anadia
8.47;AL;2700300;Arapiraca
14.97;AL;2700409;Atalaia
12.45;AL;2700508;Barra de Santo Antônio
6.85;AL;2700607;Barra de São Miguel
9.11;AL;2700706;Batalha
6.27;AL;2700805;Belém
4.58;AL;2700904;Belo Monte
14.98;AL;2701001;Boca da Mata
7.54;AL;2701100;Branquinha
7.92;AL;2701209;Cacimbinhas
14.63;AL;2701308;Cajueiro
13.34;AL;2701357;Campestre
24.13;AL;2701407;Campo Alegre
5.84;AL;2701506;Campo Grande
4.16;AL;2701605;Canapi
10.61;AL;2701704;Capela
3.56;AL;2701803;Carneiros
2.19;AL;2701902;Chã Preta
2.06;AL;2702009;Coité do Nóia
10.77;AL;2702108;Colônia Leopoldina
13.4;AL;2702207;Coqueiro Seco
10.75;AL;2702306;Coruripe
2.46;AL;2702355;Craíbas
12.11;AL;2702405;Delmiro Gouveia
2.84;AL;2702504;Dois Riachos
4.41;AL;2702553;Estrela de Alagoas
2.83;AL;2702603;Feira Grande
14.01;AL;2702702;Feliz Deserto
12.38;AL;2702801;Flexeiras
8.13;AL;2702900;Girau do Ponciano
7.81;AL;2703007;Ibateguara
5.42;AL;2703106;Igaci
4.87;AL;2703205;Igreja Nova
3.86;AL;2703304;Inhapi
7.34;AL;2703403;Jacaré dos Homens
10.35;AL;2703502;Jacuípe
11.82;AL;2703601;Japaratinga
8.54;AL;2703700;Jaramataia
11.19;AL;2703759;Jequiá da Praia
6.61;AL;2703809;Joaquim Gomes
6.41;AL;2703908;Jundiá
8.69;AL;2704005;Junqueiro
3.22;AL;2704104;Lagoa da Canoa
8.23;AL;2704203;Limoeiro de Anadia
12.01;AL;2704302;Maceió
7.39;AL;2704401;Major Isidoro
7.78;AL;2704500;Maragogi
6.48;AL;2704609;Maravilha
11.55;AL;2704708;Marechal Deodoro
8.78;AL;2704807;Maribondo
9.33;AL;2704906;Mar Vermelho
1.62;AL;2705002;Mata Grande
16.31;AL;2705101;Matriz de Camaragibe
17.89;AL;2705200;Messias
7.27;AL;2705309;Minador do Negrão
14.19;AL;2705408;Monteirópolis
14.53;AL;2705507;Murici
9.53;AL;2705606;Novo Lino
6.97;AL;2705705;Olho d'Água das Flores
6.98;AL;2705804;Olho d'Água do Casado
1.58;AL;2705903;Olho d'Água Grande
6.38;AL;2706000;Olivença
6.85;AL;2706109;Ouro Branco
8.15;AL;2706208;Palestina
8.18;AL;2706307;Palmeira dos Índios
8.31;AL;2706406;Pão de Açúcar
3.36;AL;2706422;Pariconha
11.7;AL;2706448;Paripueira
9.48;AL;2706505;Passo de Camaragibe
10.77;AL;2706604;Paulo Jacinto
12.44;AL;2706703;Penedo
13.43;AL;2706802;Piaçabuçu
15.53;AL;2706901;Pilar
9.33;AL;2707008;Pindoba
6.96;AL;2707107;Piranhas
6.13;AL;2707206;Poço das Trincheiras
10.76;AL;2707305;Porto Calvo
4.67;AL;2707404;Porto de Pedras
13.59;AL;2707503;Porto Real do Colégio
5.32;AL;2707602;Quebrangulo
16.63;AL;2707701;Rio Largo
14.11;AL;2707800;Roteiro
14.32;AL;2707909;Santa Luzia do Norte
8.67;AL;2708006;Santana do Ipanema
6.73;AL;2708105;Santana do Mundaú
7.05;AL;2708204;São Brás
10.01;AL;2708303;São José da Laje
4.44;AL;2708402;São José da Tapera
12.55;AL;2708501;São Luís do Quitunde
20.23;AL;2708600;São Miguel dos Campos
11.72;AL;2708709;São Miguel dos Milagres
9.81;AL;2708808;São Sebastião
13.49;AL;2708907;Satuba
1.25;AL;2708956;Senador Rui Palmeira
4.71;AL;2709004;Tanque d'Arca
4.25;AL;2709103;Taquarana
14.03;AL;2709152;Teotônio Vilela
3.83;AL;2709202;Traipu
11.7;AL;2709301;União dos Palmares
16.78;AL;2709400;Viçosa
7.47;SE;2800100;Amparo de São Francisco
9.62;SE;2800209;Aquidabã
10.71;SE;2800308;Aracaju
6.95;SE;2800407;Arauá
9.53;SE;2800506;Areia Branca
14.78;SE;2800605;Barra dos Coqueiros
9.3;SE;2800670;Boquim
11.62;SE;2800704;Brejo Grande
3.75;SE;2801009;Campo do Brito
3.39;SE;2801108;Canhoba
11.32;SE;2801207;Canindé de São Francisco
14.84;SE;2801306;Capela
6.75;SE;2801405;Carira
22.39;SE;2801504;Carmópolis
8.2;SE;2801603;Cedro de São João
7.69;SE;2801702;Cristinápolis
3.91;SE;2801900;Cumbe
12.81;SE;2802007;Divina Pastora
14.07;SE;2802106;Estância
15.98;SE;2802205;Feira Nova
6.85;SE;2802304;Frei Paulo
4.45;SE;2802403;Gararu
21.24;SE;2802502;General Maynard
6.99;SE;2802601;Gracho Cardoso
10.09;SE;2802700;Ilha das Flores
5.37;SE;2802809;Indiaroba
5.45;SE;2802908;Itabaiana
6.42;SE;2803005;Itabaianinha
4.74;SE;2803104;Itabi
17.88;SE;2803203;Itaporanga d'Ajuda
12.03;SE;2803302;Japaratuba
7.76;SE;2803401;Japoatã
6.67;SE;2803500;Lagarto
18.18;SE;2803609;Laranjeiras
3.66;SE;2803708;Macambira
12.27;SE;2803807;Malhada dos Bois
3.59;SE;2803906;Malhador
18.12;SE;2804003;Maruim
2.19;SE;2804102;Moita Bonita
8.8;SE;2804201;Monte Alegre de Sergipe
8.83;SE;2804300;Muribeca
16.45;SE;2804409;Neópolis
3.67;SE;2804458;Nossa Senhora Aparecida
5.91;SE;2804508;Nossa Senhora da Glória
8.8;SE;2804607;Nossa Senhora das Dores
5.76;SE;2804706;Nossa Senhora de Lourdes
14.5;SE;2804805;Nossa Senhora do Socorro
7.81;SE;2804904;Pacatuba
9.81;SE;2805000;Pedra Mole
6.6;SE;2805109;Pedrinhas
5.54;SE;2805208;Pinhão
9.51;SE;2805307;Pirambu
6.42;SE;2805406;Poço Redondo
5.82;SE;2805505;Poço Verde
8.22;SE;2805604;Porto da Folha
10.62;SE;2805703;Propriá
2.51;SE;2805802;Riachão do Dantas
19.58;SE;2805901;Riachuelo
5.51;SE;2806008;Ribeirópolis
16.94;SE;2806107;Rosário do Catete
7.61;SE;2806206;Salgado
7.9;SE;2806305;Santa Luzia do Itanhy
9.58;SE;2806404;Santana do São Francisco
9.8;SE;2806503;Santa Rosa de Lima
29.41;SE;2806602;Santo Amaro das Brotas
13.12;SE;2806701;São Cristóvão
4.88;SE;2806800;São Domingos
8.85;SE;2806909;São Francisco
3.25;SE;2807006;São Miguel do Aleixo
11.0;SE;2807105;Simão Dias
14.08;SE;2807204;Siriri
9.95;SE;2807303;Telha
6.82;SE;2807402;Tobias Barreto
7.09;SE;2807501;Tomar do Geru
5.68;SE;2807600;Umbaúba
7.85;BA;2900108;Abaíra
14.38;BA;2900207;Abaré
7.56;BA;2900306;Acajutiba
7.17;BA;2900355;Adustina
8.61;BA;2900405;Água Fria
3.96;BA;2900504;Érico Cardoso
10.51;BA;2900603;Aiquara
13.25;BA;2900702;Alagoinhas
8.72;BA;2900801;Alcobaça
13.98;BA;2900900;Almadina
11.25;BA;2901007;Amargosa
16.71;BA;2901106;Amélia Rodrigues
20.56;BA;2901155;América Dourada
6.51;BA;2901205;Anagé
17.01;BA;2901304;Andaraí
5.69;BA;2901353;Andorinha
6.52;BA;2901403;Angical
13.62;BA;2901502;Anguera
10.71;BA;2901601;Antas
4.6;BA;2901700;Antônio Cardoso
6.34;BA;2901809;Antônio Gonçalves
3.93;BA;2901908;Aporá
12.0;BA;2901957;Apuarema
4.36;BA;2902005;Aracatu
13.31;BA;2902054;Araças
6.71;BA;2902104;Araci
17.21;BA;2902203;Aramari
6.3;BA;2902252;Arataca
7.32;BA;2902302;Aratuípe
10.05;BA;2902401;Aurelino Leal
7.99;BA;2902500;Baianópolis
7.15;BA;2902609;Baixa Grande
4.81;BA;2902658;Banzaê
6.13;BA;2902708;Barra
4.75;BA;2902807;Barra da Estiva
5.73;BA;2902906;Barra do Choça
11.39;BA;2903003;Barra do Mendes
9.8;BA;2903102;Barra do Rocha
9.16;BA;2903201;Barreiras
3.87;BA;2903235;Barro Alto
6.49;BA;2903276;Barrocas
11.74;BA;2903300;Governador Lomanto Júnior
14.73;BA;2903409;Belmonte
6.43;BA;2903508;Belo Campo
4.79;BA;2903607;Biritinga
11.67;BA;2903706;Boa Nova
13.28;BA;2903805;Boa Vista do Tupim
11.33;BA;2903904;Bom Jesus da Lapa
11.75;BA;2903953;Bom Jesus da Serra
8.76;BA;2904001;Boninal
7.08;BA;2904050;Bonito
10.22;BA;2904100;Boquira
5.19;BA;2904209;Botuporã
14.62;BA;2904308;Brejões
14.06;BA;2904407;Brejolândia
6.51;BA;2904506;Brotas de Macaúbas
9.44;BA;2904605;Brumado
11.71;BA;2904704;Buerarema
9.43;BA;2904753;Buritirama
2.75;BA;2904803;Caatiba
5.09;BA;2904852;Cabaceiras do Paraguaçu
11.61;BA;2904902;Cachoeira
5.11;BA;2905008;Caculé
9.41;BA;2905107;Caém
11.1;BA;2905156;Caetanos
6.82;BA;2905206;Caetité
4.94;BA;2905305;Cafarnaum
8.8;BA;2905404;Cairu
9.45;BA;2905503;Caldeirão Grande
15.04;BA;2905602;Camacan
15.09;BA;2905701;Camaçari
8.78;BA;2905800;Camamu
7.17;BA;2905909;Campo Alegre de Lourdes
7.97;BA;2906006;Campo Formoso
7.47;BA;2906105;Canápolis
6.6;BA;2906204;Canarana
11.75;BA;2906303;Canavieiras
5.39;BA;2906402;Candeal
17.9;BA;2906501;Candeias
5.44;BA;2906600;Candiba
10.07;BA;2906709;Cândido Sales
4.46;BA;2906808;Cansanção
6.63;BA;2906824;Canudos
6.16;BA;2906857;Capela do Alto Alegre
9.8;BA;2906873;Capim Grosso
6.52;BA;2906899;Caraíbas
13.59;BA;2906907;Caravelas
23.97;BA;2907004;Cardeal da Silva
8.04;BA;2907103;Carinhanha
7.54;BA;2907202;Casa Nova
8.93;BA;2907301;Castro Alves
3.74;BA;2907400;Catolândia
17.31;BA;2907509;Catu
6.67;BA;2907558;Caturama
10.18;BA;2907608;Central
7.35;BA;2907707;Chorrochó
5.61;BA;2907806;Cícero Dantas
4.51;BA;2907905;Cipó
12.33;BA;2908002;Coaraci
12.16;BA;2908101;Cocos
17.65;BA;2908200;Conceição da Feira
24.63;BA;2908309;Conceição do Almeida
6.42;BA;2908408;Conceição do Coité
14.06;BA;2908507;Conceição do Jacuípe
9.82;BA;2908606;Conde
7.23;BA;2908705;Condeúba
10.61;BA;2908804;Contendas do Sincorá
9.28;BA;2908903;Coração de Maria
8.36;BA;2909000;Cordeiros
8.93;BA;2909109;Coribe
3.88;BA;2909208;Coronel João Sá
6.86;BA;2909307;Correntina
10.01;BA;2909406;Cotegipe
6.94;BA;2909505;Cravolândia
3.41;BA;2909604;Crisópolis
6.72;BA;2909703;Cristópolis
15.53;BA;2909802;Cruz das Almas
8.9;BA;2909901;Curaçá
19.17;BA;2910008;Dário Meira
18.89;BA;2910057;Dias d'Ávila
4.2;BA;2910107;Dom Basílio
11.21;BA;2910206;Dom Macedo Costa
5.55;BA;2910305;Elísio Medrado
7.51;BA;2910404;Encruzilhada
15.25;BA;2910503;Entre Rios
11.4;BA;2910602;Esplanada
12.04;BA;2910701;Euclides da Cunha
10.77;BA;2910727;Eunápolis
6.85;BA;2910750;Fátima
6.87;BA;2910776;Feira da Mata
10.4;BA;2910800;Feira de Santana
13.35;BA;2910859;Filadélfia
10.55;BA;2910909;Firmino Alves
12.96;BA;2911006;Floresta Azul
12.99;BA;2911105;Formosa do Rio Preto
8.78;BA;2911204;Gandu
8.27;BA;2911253;Gavião
12.11;BA;2911303;Gentio do Ouro
6.73;BA;2911402;Glória
15.03;BA;2911501;Gongogi
6.0;BA;2911600;Governador Mangabeira
4.0;BA;2911659;Guajeru
7.37;BA;2911709;Guanambi
13.71;BA;2911808;Guaratinga
5.72;BA;2911857;Heliópolis
11.63;BA;2911907;Iaçu
5.92;BA;2912004;Ibiassucê
14.09;BA;2912103;Ibicaraí
6.51;BA;2912202;Ibicoara
7.91;BA;2912301;Ibicuí
8.09;BA;2912400;Ibipeba
12.32;BA;2912509;Ibipitanga
9.4;BA;2912608;Ibiquera
7.65;BA;2912707;Ibirapitanga
8.1;BA;2912806;Ibirapuã
12.58;BA;2912905;Ibirataia
4.5;BA;2913002;Ibitiara
7.44;BA;2913101;Ibititá
8.89;BA;2913200;Ibotirama
6.48;BA;2913309;Ichu
15.1;BA;2913408;Igaporã
5.52;BA;2913457;Igrapiúna
11.61;BA;2913507;Iguaí
12.26;BA;2913606;Ilhéus
9.15;BA;2913705;Inhambupe
10.56;BA;2913804;Ipecaetá
14.75;BA;2913903;Ipiaú
8.88;BA;2914000;Ipirá
12.94;BA;2914109;Ipupiara
9.91;BA;2914208;Irajuba
6.64;BA;2914307;Iramaia
9.03;BA;2914406;Iraquara
5.46;BA;2914505;Irará
8.42;BA;2914604;Irecê
12.31;BA;2914653;Itabela
12.48;BA;2914703;Itaberaba
13.54;BA;2914802;Itabuna
8.16;BA;2914901;Itacaré
10.49;BA;2915007;Itaeté
9.9;BA;2915106;Itagi
18.97;BA;2915205;Itagibá
14.79;BA;2915304;Itagimirim
5.58;BA;2915353;Itaguaçu da Bahia
13.38;BA;2915403;Itaju do Colônia
11.67;BA;2915502;Itajuípe
10.73;BA;2915601;Itamaraju
9.94;BA;2915700;Itamari
8.08;BA;2915809;Itambé
15.68;BA;2915908;Itanagra
8.18;BA;2916005;Itanhém
16.59;BA;2916104;Itaparica
19.82;BA;2916203;Itapé
14.55;BA;2916302;Itapebi
7.56;BA;2916401;Itapetinga
10.27;BA;2916500;Itapicuru
15.56;BA;2916609;Itapitanga
12.32;BA;2916708;Itaquara
12.4;BA;2916807;Itarantim
11.26;BA;2916856;Itatim
11.68;BA;2916906;Itiruçu
4.94;BA;2917003;Itiúba
7.34;BA;2917102;Itororó
7.17;BA;2917201;Ituaçu
7.39;BA;2917300;Ituberá
11.82;BA;2917334;Iuiú
18.46;BA;2917359;Jaborandi
4.92;BA;2917409;Jacaraci
9.07;BA;2917508;Jacobina
8.29;BA;2917607;Jaguaquara
9.88;BA;2917706;Jaguarari
4.89;BA;2917805;Jaguaripe
10.17;BA;2917904;Jandaíra
10.34;BA;2918001;Jequié
4.2;BA;2918100;Jeremoabo
4.17;BA;2918209;Jiquiriçá
12.73;BA;2918308;Jitaúna
6.5;BA;2918357;João Dourado
10.82;BA;2918407;Juazeiro
5.41;BA;2918456;Jucuruçu
6.84;BA;2918506;Jussara
15.41;BA;2918555;Jussari
3.07;BA;2918605;Jussiape
11.79;BA;2918704;Lafaiete Coutinho
4.28;BA;2918753;Lagoa Real
3.77;BA;2918803;Laje
8.43;BA;2918902;Lajedão
12.34;BA;2919009;Lajedinho
9.05;BA;2919058;Lajedo do Tabocal
7.09;BA;2919108;Lamarão
8.71;BA;2919157;Lapão
10.98;BA;2919207;Lauro de Freitas
9.52;BA;2919306;Lençóis
4.41;BA;2919405;Licínio de Almeida
6.84;BA;2919504;Livramento de Nossa Senhora
7.05;BA;2919553;Luís Eduardo Magalhães
12.51;BA;2919603;Macajuba
8.46;BA;2919702;Macarani
7.8;BA;2919801;Macaúbas
9.51;BA;2919900;Macururé
24.5;BA;2919926;Madre de Deus
3.27;BA;2919959;Maetinga
12.7;BA;2920007;Maiquinique
6.23;BA;2920106;Mairi
6.57;BA;2920205;Malhada
4.42;BA;2920304;Malhada de Pedras
7.32;BA;2920403;Manoel Vitorino
8.65;BA;2920452;Mansidão
8.43;BA;2920502;Maracás
10.12;BA;2920601;Maragogipe
5.75;BA;2920700;Maraú
18.75;BA;2920809;Marcionílio Souza
15.59;BA;2920908;Mascote
14.14;BA;2921005;Mata de São João
5.87;BA;2921054;Matina
10.74;BA;2921104;Medeiros Neto
9.13;BA;2921203;Miguel Calmon
13.95;BA;2921302;Milagres
8.53;BA;2921401;Mirangaba
6.65;BA;2921450;Mirante
4.87;BA;2921500;Monte Santo
13.65;BA;2921609;Morpará
8.31;BA;2921708;Morro do Chapéu
5.33;BA;2921807;Mortugaba
10.36;BA;2921906;Mucugê
8.98;BA;2922003;Mucuri
7.28;BA;2922052;Mulungu do Morro
9.14;BA;2922102;Mundo Novo
11.37;BA;2922201;Muniz Ferreira
12.68;BA;2922250;Muquém de São Francisco
16.74;BA;2922300;Muritiba
6.49;BA;2922409;Mutuípe
12.21;BA;2922508;Nazaré
4.36;BA;2922607;Nilo Peçanha
9.54;BA;2922656;Nordestina
6.99;BA;2922706;Nova Canaã
7.67;BA;2922730;Nova Fátima
5.13;BA;2922755;Nova Ibiá
18.98;BA;2922805;Nova Itarana
15.79;BA;2922854;Nova Redenção
7.37;BA;2922904;Nova Soure
11.28;BA;2923001;Nova Viçosa
9.16;BA;2923035;Novo Horizonte
17.18;BA;2923050;Novo Triunfo
6.83;BA;2923100;Olindina
15.46;BA;2923209;Oliveira dos Brejinhos
5.82;BA;2923308;Ouriçangas
5.34;BA;2923357;Ourolândia
6.45;BA;2923407;Palmas de Monte Alto
8.4;BA;2923506;Palmeiras
10.19;BA;2923605;Paramirim
8.94;BA;2923704;Paratinga
4.11;BA;2923803;Paripiranga
6.5;BA;2923902;Pau Brasil
9.8;BA;2924009;Paulo Afonso
7.74;BA;2924058;Pé de Serra
8.47;BA;2924108;Pedrão
5.17;BA;2924207;Pedro Alexandre
6.66;BA;2924306;Piatã
8.28;BA;2924405;Pilão Arcado
5.14;BA;2924504;Pindaí
9.64;BA;2924603;Pindobaçu
7.64;BA;2924652;Pintadas
5.17;BA;2924678;Piraí do Norte
9.98;BA;2924702;Piripá
9.17;BA;2924801;Piritiba
6.67;BA;2924900;Planaltino
10.18;BA;2925006;Planalto
14.09;BA;2925105;Poções
20.22;BA;2925204;Pojuca
11.27;BA;2925253;Ponto Novo
9.83;BA;2925303;Porto Seguro
13.55;BA;2925402;Potiraguá
10.23;BA;2925501;Prado
4.06;BA;2925600;Presidente Dutra
8.97;BA;2925709;Presidente Jânio Quadros
3.86;BA;2925758;Presidente Tancredo Neves
11.88;BA;2925808;Queimadas
4.17;BA;2925907;Quijingue
5.24;BA;2925931;Quixabeira
7.72;BA;2925956;Rafael Jambeiro
7.39;BA;2926004;Remanso
8.94;BA;2926103;Retirolândia
13.89;BA;2926202;Riachão das Neves
9.9;BA;2926301;Riachão do Jacuípe
8.24;BA;2926400;Riacho de Santana
4.14;BA;2926509;Ribeira do Amparo
8.17;BA;2926608;Ribeira do Pombal
6.05;BA;2926657;Ribeirão do Largo
5.35;BA;2926707;Rio de Contas
4.28;BA;2926806;Rio do Antônio
6.57;BA;2926905;Rio do Pires
4.07;BA;2927002;Rio Real
10.97;BA;2927101;Rodelas
13.48;BA;2927200;Ruy Barbosa
5.48;BA;2927309;Salinas da Margarida
12.72;BA;2927408;Salvador
10.24;BA;2927507;Santa Bárbara
4.48;BA;2927606;Santa Brígida
12.92;BA;2927705;Santa Cruz Cabrália
11.42;BA;2927804;Santa Cruz da Vitória
12.9;BA;2927903;Santa Inês
9.72;BA;2928000;Santaluz
7.19;BA;2928059;Santa Luzia
7.23;BA;2928109;Santa Maria da Vitória
11.17;BA;2928208;Santana
6.33;BA;2928307;Santanópolis
6.32;BA;2928406;Santa Rita de Cássia
11.11;BA;2928505;Santa Teresinha
13.39;BA;2928604;Santo Amaro
10.48;BA;2928703;Santo Antônio de Jesus
10.83;BA;2928802;Santo Estêvão
5.47;BA;2928901;São Desidério
7.82;BA;2928950;São Domingos
13.31;BA;2929008;São Félix
8.05;BA;2929057;São Félix do Coribe
7.15;BA;2929107;São Felipe
25.48;BA;2929206;São Francisco do Conde
6.8;BA;2929255;São Gabriel
12.87;BA;2929305;São Gonçalo dos Campos
11.0;BA;2929354;São José da Vitória
8.45;BA;2929370;São José do Jacuípe
3.85;BA;2929404;São Miguel das Matas
17.53;BA;2929503;São Sebastião do Passé
10.67;BA;2929602;Sapeaçu
5.02;BA;2929701;Sátiro Dias
9.71;BA;2929750;Saubara
15.0;BA;2929800;Saúde
7.16;BA;2929909;Seabra
5.16;BA;2930006;Sebastião Laranjeiras
11.13;BA;2930105;Senhor do Bonfim
11.83;BA;2930154;Serra do Ramalho
8.57;BA;2930204;Sento Sé
10.92;BA;2930303;Serra Dourada
9.83;BA;2930402;Serra Preta
9.82;BA;2930501;Serrinha
8.65;BA;2930600;Serrolândia
17.83;BA;2930709;Simões Filho
9.65;BA;2930758;Sítio do Mato
6.1;BA;2930766;Sítio do Quinto
12.63;BA;2930774;Sobradinho
3.67;BA;2930808;Souto Soares
7.47;BA;2930907;Tabocas do Brejo Velho
7.99;BA;2931004;Tanhaçu
5.09;BA;2931053;Tanque Novo
8.36;BA;2931103;Tanquinho
5.41;BA;2931202;Taperoá
13.97;BA;2931301;Tapiramutá
10.45;BA;2931350;Teixeira de Freitas
17.13;BA;2931400;Teodoro Sampaio
5.9;BA;2931509;Teofilândia
8.17;BA;2931608;Teolândia
16.93;BA;2931707;Terra Nova
10.85;BA;2931806;Tremedal
8.84;BA;2931905;Tucano
7.12;BA;2932002;Uauá
7.98;BA;2932101;Ubaíra
8.45;BA;2932200;Ubaitaba
18.19;BA;2932309;Ubatã
7.51;BA;2932408;Uibaí
19.34;BA;2932457;Umburanas
14.52;BA;2932507;Una
10.44;BA;2932606;Urandi
14.43;BA;2932705;Uruçuca
7.52;BA;2932804;Utinga
10.77;BA;2932903;Valença
6.62;BA;2933000;Valente
9.19;BA;2933059;Várzea da Roça
7.79;BA;2933109;Várzea do Poço
8.93;BA;2933158;Várzea Nova
7.24;BA;2933174;Varzedo
13.18;BA;2933208;Vera Cruz
4.83;BA;2933257;Vereda
9.11;BA;2933307;Vitória da Conquista
8.61;BA;2933406;Wagner
9.56;BA;2933455;Wanderley
7.02;BA;2933505;Wenceslau Guimarães
11.14;BA;2933604;Xique-Xique
