Sigla;codigo;municipio;IDH
BA;2900108;Abaíra;0.603
BA;2900207;Abaré;0.575
BA;2900306;Acajutiba;0.582
BA;2900355;Adustina;0.546
BA;2900405;Água Fria;0.55
BA;2900504;Érico Cardoso;0.584
BA;2900603;Aiquara;0.583
BA;2900702;Alagoinhas;0.683
BA;2900801;Alcobaça;0.608
BA;2900900;Almadina;0.563
BA;2901007;Amargosa;0.625
BA;2901106;Amélia Rodrigues;0.666
BA;2901155;América Dourada;0.561
BA;2901205;Anagé;0.54
BA;2901304;Andaraí;0.555
BA;2901353;Andorinha;0.588
BA;2901403;Angical;0.625
BA;2901502;Anguera;0.589
BA;2901601;Antas;0.592
BA;2901700;Antônio Cardoso;0.561
BA;2901809;Antônio Gonçalves;0.598
BA;2901908;Aporá;0.548
BA;2901957;Apuarema;0.552
BA;2902005;Aracatu;0.581
BA;2902054;Araças;0.57
BA;2902104;Araci;0.534
BA;2902203;Aramari;0.588
BA;2902252;Arataca;0.559
BA;2902302;Aratuípe;0.575
BA;2902401;Aurelino Leal;0.568
BA;2902500;Baianópolis;0.589
BA;2902609;Baixa Grande;0.585
BA;2902658;Banzaê;0.579
BA;2902708;Barra;0.557
BA;2902807;Barra da Estiva;0.575
BA;2902906;Barra do Choça;0.551
BA;2903003;Barra do Mendes;0.63
BA;2903102;Barra do Rocha;0.577
BA;2903201;Barreiras;0.721
BA;2903235;Barro Alto;0.607
BA;2903276;Barrocas;0.61
BA;2903300;Governador Lomanto Júnior;0.602
BA;2903409;Belmonte;0.598
BA;2903508;Belo Campo;0.575
BA;2903607;Biritinga;0.538
BA;2903706;Boa Nova;0.567
BA;2903805;Boa Vista do Tupim;0.551
BA;2903904;Bom Jesus da Lapa;0.633
BA;2903953;Bom Jesus da Serra;0.546
BA;2904001;Boninal;0.612
BA;2904050;Bonito;0.561
BA;2904100;Boquira;0.603
BA;2904209;Botuporã;0.575
BA;2904308;Brejões;0.597
BA;2904407;Brejolândia;0.592
BA;2904506;Brotas de Macaúbas;0.57
BA;2904605;Brumado;0.656
BA;2904704;Buerarema;0.613
BA;2904753;Buritirama;0.565
BA;2904803;Caatiba;0.561
BA;2904852;Cabaceiras do Paraguaçu;0.581
BA;2904902;Cachoeira;0.647
BA;2905008;Caculé;0.637
BA;2905107;Caém;0.546
BA;2905156;Caetanos;0.542
BA;2905206;Caetité;0.625
BA;2905305;Cafarnaum;0.584
BA;2905404;Cairu;0.627
BA;2905503;Caldeirão Grande;0.573
BA;2905602;Camacan;0.581
BA;2905701;Camaçari;0.694
BA;2905800;Camamu;0.565
BA;2905909;Campo Alegre de Lourdes;0.557
BA;2906006;Campo Formoso;0.586
BA;2906105;Canápolis;0.565
BA;2906204;Canarana;0.587
BA;2906303;Canavieiras;0.59
BA;2906402;Candeal;0.587
BA;2906501;Candeias;0.691
BA;2906600;Candiba;0.591
BA;2906709;Cândido Sales;0.601
BA;2906808;Cansanção;0.557
BA;2906824;Canudos;0.562
BA;2906857;Capela do Alto Alegre;0.599
BA;2906873;Capim Grosso;0.621
BA;2906899;Caraíbas;0.555
BA;2906907;Caravelas;0.616
BA;2907004;Cardeal da Silva;0.552
BA;2907103;Carinhanha;0.576
BA;2907202;Casa Nova;0.57
BA;2907301;Castro Alves;0.613
BA;2907400;Catolândia;0.582
BA;2907509;Catu;0.677
BA;2907558;Caturama;0.571
BA;2907608;Central;0.596
BA;2907707;Chorrochó;0.6
BA;2907806;Cícero Dantas;0.585
BA;2907905;Cipó;0.601
BA;2908002;Coaraci;0.613
BA;2908101;Cocos;0.596
BA;2908200;Conceição da Feira;0.634
BA;2908309;Conceição do Almeida;0.606
BA;2908408;Conceição do Coité;0.611
BA;2908507;Conceição do Jacuípe;0.663
BA;2908606;Conde;0.56
BA;2908705;Condeúba;0.582
BA;2908804;Contendas do Sincorá;0.577
BA;2908903;Coração de Maria;0.592
BA;2909000;Cordeiros;0.579
BA;2909109;Coribe;0.6
BA;2909208;Coronel João Sá;0.535
BA;2909307;Correntina;0.603
BA;2909406;Cotegipe;0.59
BA;2909505;Cravolândia;0.599
BA;2909604;Crisópolis;0.543
BA;2909703;Cristópolis;0.614
BA;2909802;Cruz das Almas;0.699
BA;2909901;Curaçá;0.581
BA;2910008;Dário Meira;0.54
BA;2910057;Dias d'Ávila;0.676
BA;2910107;Dom Basílio;0.591
BA;2910206;Dom Macedo Costa;0.632
BA;2910305;Elísio Medrado;0.623
BA;2910404;Encruzilhada;0.544
BA;2910503;Entre Rios;0.615
BA;2910602;Esplanada;0.589
BA;2910701;Euclides da Cunha;0.567
BA;2910727;Eunápolis;0.677
BA;2910750;Fátima;0.559
BA;2910776;Feira da Mata;0.588
BA;2910800;Feira de Santana;0.712
BA;2910859;Filadélfia;0.565
BA;2910909;Firmino Alves;0.578
BA;2911006;Floresta Azul;0.557
BA;2911105;Formosa do Rio Preto;0.618
BA;2911204;Gandu;0.632
BA;2911253;Gavião;0.599
BA;2911303;Gentio do Ouro;0.559
BA;2911402;Glória;0.593
BA;2911501;Gongogi;0.576
BA;2911600;Governador Mangabeira;0.643
BA;2911659;Guajeru;0.569
BA;2911709;Guanambi;0.673
BA;2911808;Guaratinga;0.558
BA;2911857;Heliópolis;0.563
BA;2911907;Iaçu;0.574
BA;2912004;Ibiassucê;0.611
BA;2912103;Ibicaraí;0.625
BA;2912202;Ibicoara;0.591
BA;2912301;Ibicuí;0.584
BA;2912400;Ibipeba;0.616
BA;2912509;Ibipitanga;0.584
BA;2912608;Ibiquera;0.511
BA;2912707;Ibirapitanga;0.558
BA;2912806;Ibirapuã;0.614
BA;2912905;Ibirataia;0.576
BA;2913002;Ibitiara;0.585
BA;2913101;Ibititá;0.602
BA;2913200;Ibotirama;0.636
BA;2913309;Ichu;0.631
BA;2913408;Igaporã;0.614
BA;2913457;Igrapiúna;0.574
BA;2913507;Iguaí;0.552
BA;2913606;Ilhéus;0.69
BA;2913705;Inhambupe;0.565
BA;2913804;Ipecaetá;0.55
BA;2913903;Ipiaú;0.67
BA;2914000;Ipirá;0.549
BA;2914109;Ipupiara;0.59
BA;2914208;Irajuba;0.576
BA;2914307;Iramaia;0.571
BA;2914406;Iraquara;0.599
BA;2914505;Irará;0.62
BA;2914604;Irecê;0.691
BA;2914653;Itabela;0.599
BA;2914703;Itaberaba;0.62
BA;2914802;Itabuna;0.712
BA;2914901;Itacaré;0.583
BA;2915007;Itaeté;0.572
BA;2915106;Itagi;0.543
BA;2915205;Itagibá;0.589
BA;2915304;Itagimirim;0.634
BA;2915353;Itaguaçu da Bahia;0.562
BA;2915403;Itaju do Colônia;0.592
BA;2915502;Itajuípe;0.599
BA;2915601;Itamaraju;0.627
BA;2915700;Itamari;0.578
BA;2915809;Itambé;0.578
BA;2915908;Itanagra;0.584
BA;2916005;Itanhém;0.637
BA;2916104;Itaparica;0.67
BA;2916203;Itapé;0.599
BA;2916302;Itapebi;0.572
BA;2916401;Itapetinga;0.667
BA;2916500;Itapicuru;0.486
BA;2916609;Itapitanga;0.571
BA;2916708;Itaquara;0.553
BA;2916807;Itarantim;0.61
BA;2916856;Itatim;0.582
BA;2916906;Itiruçu;0.6
BA;2917003;Itiúba;0.544
BA;2917102;Itororó;0.594
BA;2917201;Ituaçu;0.57
BA;2917300;Ituberá;0.606
BA;2917334;Iuiú;0.591
BA;2917359;Jaborandi;0.613
BA;2917409;Jacaraci;0.593
BA;2917508;Jacobina;0.649
BA;2917607;Jaguaquara;0.58
BA;2917706;Jaguarari;0.659
BA;2917805;Jaguaripe;0.556
BA;2917904;Jandaíra;0.55
BA;2918001;Jequié;0.665
BA;2918100;Jeremoabo;0.547
BA;2918209;Jiquiriçá;0.553
BA;2918308;Jitaúna;0.575
BA;2918357;João Dourado;0.593
BA;2918407;Juazeiro;0.677
BA;2918456;Jucuruçu;0.541
BA;2918506;Jussara;0.571
BA;2918555;Jussari;0.567
BA;2918605;Jussiape;0.602
BA;2918704;Lafaiete Coutinho;0.599
BA;2918753;Lagoa Real;0.545
BA;2918803;Laje;0.586
BA;2918902;Lajedão;0.632
BA;2919009;Lajedinho;0.546
BA;2919058;Lajedo do Tabocal;0.584
BA;2919108;Lamarão;0.518
BA;2919157;Lapão;0.596
BA;2919207;Lauro de Freitas;0.754
BA;2919306;Lençóis;0.623
BA;2919405;Licínio de Almeida;0.621
BA;2919504;Livramento de Nossa Senhora;0.611
BA;2919553;Luís Eduardo Magalhães;0.716
BA;2919603;Macajuba;0.524
BA;2919702;Macarani;0.605
BA;2919801;Macaúbas;0.609
BA;2919900;Macururé;0.604
BA;2919926;Madre de Deus;0.708
BA;2919959;Maetinga;0.538
BA;2920007;Maiquinique;0.576
BA;2920106;Mairi;0.572
BA;2920205;Malhada;0.562
BA;2920304;Malhada de Pedras;0.578
BA;2920403;Manoel Vitorino;0.566
BA;2920452;Mansidão;0.599
BA;2920502;Maracás;0.607
BA;2920601;Maragogipe;0.621
BA;2920700;Maraú;0.593
BA;2920809;Marcionílio Souza;0.561
BA;2920908;Mascote;0.581
BA;2921005;Mata de São João;0.668
BA;2921054;Matina;0.572
BA;2921104;Medeiros Neto;0.625
BA;2921203;Miguel Calmon;0.586
BA;2921302;Milagres;0.622
BA;2921401;Mirangaba;0.542
BA;2921450;Mirante;0.527
BA;2921500;Monte Santo;0.506
BA;2921609;Morpará;0.558
BA;2921708;Morro do Chapéu;0.588
BA;2921807;Mortugaba;0.618
BA;2921906;Mucugê;0.606
BA;2922003;Mucuri;0.665
BA;2922052;Mulungu do Morro;0.566
BA;2922102;Mundo Novo;0.59
BA;2922201;Muniz Ferreira;0.617
BA;2922250;Muquém de São Francisco;0.549
BA;2922300;Muritiba;0.66
BA;2922409;Mutuípe;0.601
BA;2922508;Nazaré;0.641
BA;2922607;Nilo Peçanha;0.547
BA;2922656;Nordestina;0.56
BA;2922706;Nova Canaã;0.545
BA;2922730;Nova Fátima;0.597
BA;2922755;Nova Ibiá;0.57
BA;2922805;Nova Itarana;0.524
BA;2922854;Nova Redenção;0.567
BA;2922904;Nova Soure;0.555
BA;2923001;Nova Viçosa;0.654
BA;2923035;Novo Horizonte;0.597
BA;2923050;Novo Triunfo;0.554
BA;2923100;Olindina;0.559
BA;2923209;Oliveira dos Brejinhos;0.554
BA;2923308;Ouriçangas;0.607
BA;2923357;Ourolândia;0.56
BA;2923407;Palmas de Monte Alto;0.586
BA;2923506;Palmeiras;0.643
BA;2923605;Paramirim;0.615
BA;2923704;Paratinga;0.59
BA;2923803;Paripiranga;0.577
BA;2923902;Pau Brasil;0.583
BA;2924009;Paulo Afonso;0.674
BA;2924058;Pé de Serra;0.587
BA;2924108;Pedrão;0.588
BA;2924207;Pedro Alexandre;0.513
BA;2924306;Piatã;0.571
BA;2924405;Pilão Arcado;0.506
BA;2924504;Pindaí;0.603
BA;2924603;Pindobaçu;0.577
BA;2924652;Pintadas;0.612
BA;2924678;Piraí do Norte;0.533
BA;2924702;Piripá;0.575
BA;2924801;Piritiba;0.578
BA;2924900;Planaltino;0.572
BA;2925006;Planalto;0.56
BA;2925105;Poções;0.604
BA;2925204;Pojuca;0.666
BA;2925253;Ponto Novo;0.58
BA;2925303;Porto Seguro;0.676
BA;2925402;Potiraguá;0.625
BA;2925501;Prado;0.621
BA;2925600;Presidente Dutra;0.614
BA;2925709;Presidente Jânio Quadros;0.542
BA;2925758;Presidente Tancredo Neves;0.559
BA;2925808;Queimadas;0.592
BA;2925907;Quijingue;0.544
BA;2925931;Quixabeira;0.578
BA;2925956;Rafael Jambeiro;0.564
BA;2926004;Remanso;0.579
BA;2926103;Retirolândia;0.636
BA;2926202;Riachão das Neves;0.578
BA;2926301;Riachão do Jacuípe;0.628
BA;2926400;Riacho de Santana;0.615
BA;2926509;Ribeira do Amparo;0.512
BA;2926608;Ribeira do Pombal;0.601
BA;2926657;Ribeirão do Largo;0.54
BA;2926707;Rio de Contas;0.605
BA;2926806;Rio do Antônio;0.576
BA;2926905;Rio do Pires;0.594
BA;2927002;Rio Real;0.572
BA;2927101;Rodelas;0.632
BA;2927200;Ruy Barbosa;0.61
BA;2927309;Salinas da Margarida;0.617
BA;2927408;Salvador;0.759
BA;2927507;Santa Bárbara;0.583
BA;2927606;Santa Brígida;0.546
BA;2927705;Santa Cruz Cabrália;0.654
BA;2927804;Santa Cruz da Vitória;0.61
BA;2927903;Santa Inês;0.574
BA;2928000;Santaluz;0.598
BA;2928059;Santa Luzia;0.556
BA;2928109;Santa Maria da Vitória;0.614
BA;2928208;Santana;0.608
BA;2928307;Santanópolis;0.592
BA;2928406;Santa Rita de Cássia;0.605
BA;2928505;Santa Teresinha;0.587
BA;2928604;Santo Amaro;0.646
BA;2928703;Santo Antônio de Jesus;0.7
BA;2928802;Santo Estêvão;0.626
BA;2928901;São Desidério;0.579
BA;2928950;São Domingos;0.64
BA;2929008;São Félix;0.639
BA;2929057;São Félix do Coribe;0.639
BA;2929107;São Felipe;0.616
BA;2929206;São Francisco do Conde;0.674
BA;2929255;São Gabriel;0.592
BA;2929305;São Gonçalo dos Campos;0.627
BA;2929354;São José da Vitória;0.546
BA;2929370;São José do Jacuípe;0.552
BA;2929404;São Miguel das Matas;0.593
BA;2929503;São Sebastião do Passé;0.657
BA;2929602;Sapeaçu;0.614
BA;2929701;Sátiro Dias;0.527
BA;2929750;Saubara;0.617
BA;2929800;Saúde;0.549
BA;2929909;Seabra;0.635
BA;2930006;Sebastião Laranjeiras;0.615
BA;2930105;Senhor do Bonfim;0.666
BA;2930154;Serra do Ramalho;0.595
BA;2930204;Sento Sé;0.585
BA;2930303;Serra Dourada;0.608
BA;2930402;Serra Preta;0.566
BA;2930501;Serrinha;0.634
BA;2930600;Serrolândia;0.59
BA;2930709;Simões Filho;0.675
BA;2930758;Sítio do Mato;0.564
BA;2930766;Sítio do Quinto;0.533
BA;2930774;Sobradinho;0.631
BA;2930808;Souto Soares;0.592
BA;2930907;Tabocas do Brejo Velho;0.584
BA;2931004;Tanhaçu;0.577
BA;2931053;Tanque Novo;0.599
BA;2931103;Tanquinho;0.597
BA;2931202;Taperoá;0.566
BA;2931301;Tapiramutá;0.594
BA;2931350;Teixeira de Freitas;0.685
BA;2931400;Teodoro Sampaio;0.594
BA;2931509;Teofilândia;0.566
BA;2931608;Teolândia;0.555
BA;2931707;Terra Nova;0.578
BA;2931806;Tremedal;0.528
BA;2931905;Tucano;0.579
BA;2932002;Uauá;0.605
BA;2932101;Ubaíra;0.582
BA;2932200;Ubaitaba;0.611
BA;2932309;Ubatã;0.593
BA;2932408;Uibaí;0.617
BA;2932457;Umburanas;0.515
BA;2932507;Una;0.56
BA;2932606;Urandi;0.598
BA;2932705;Uruçuca;0.616
BA;2932804;Utinga;0.59
BA;2932903;Valença;0.623
BA;2933000;Valente;0.637
BA;2933059;Várzea da Roça;0.539
BA;2933109;Várzea do Poço;0.575
BA;2933158;Várzea Nova;0.555
BA;2933174;Varzedo;0.586
BA;2933208;Vera Cruz;0.645
BA;2933257;Vereda;0.577
BA;2933307;Vitória da Conquista;0.678
BA;2933406;Wagner;0.587
BA;2933455;Wanderley;0.6
BA;2933505;Wenceslau Guimarães;0.544
BA;2933604;Xique-Xique;0.585
CE;2300101;Abaiara;0.628
CE;2300150;Acarapé;0.606
CE;2300200;Acaraú;0.601
CE;2300309;Acopiara;0.595
CE;2300408;Aiuaba;0.569
CE;2300507;Alcântaras;0.6
CE;2300606;Altaneira;0.602
CE;2300705;Alto Santo;0.601
CE;2300754;Amontada;0.606
CE;2300804;Antonina do Norte;0.599
CE;2300903;Apuiarés;0.618
CE;2301000;Aquiraz;0.641
CE;2301109;Aracati;0.655
CE;2301208;Aracoiaba;0.615
CE;2301257;Ararendá;0.59
CE;2301307;Araripe;0.564
CE;2301406;Aratuba;0.622
CE;2301505;Arneiroz;0.618
CE;2301604;Assaré;0.6
CE;2301703;Aurora;0.605
CE;2301802;Baixio;0.627
CE;2301851;Banabuiú;0.606
CE;2301901;Barbalha;0.683
CE;2301950;Barreira;0.616
CE;2302008;Barro;0.599
CE;2302057;Barroquinha;0.571
CE;2302107;Baturité;0.619
CE;2302206;Beberibe;0.638
CE;2302305;Bela Cruz;0.623
CE;2302404;Boa Viagem;0.598
CE;2302503;Brejo Santo;0.647
CE;2302602;Camocim;0.62
CE;2302701;Campos Sales;0.63
CE;2302800;Canindé;0.612
CE;2302909;Capistrano;0.611
CE;2303006;Caridade;0.592
CE;2303105;Cariré;0.596
CE;2303204;Caririaçu;0.578
CE;2303303;Cariús;0.597
CE;2303402;Carnaubal;0.593
CE;2303501;Cascavel;0.646
CE;2303600;Catarina;0.618
CE;2303659;Catunda;0.609
CE;2303709;Caucaia;0.682
CE;2303808;Cedro;0.627
CE;2303907;Chaval;0.586
CE;2303931;Choró;0.585
CE;2303956;Chorozinho;0.604
CE;2304004;Coreaú;0.61
CE;2304103;Crateús;0.644
CE;2304202;Crato;0.713
CE;2304236;Croatá;0.59
CE;2304251;Cruz;0.632
CE;2304269;Deputado Irapuan Pinheiro;0.609
CE;2304277;Ererê;0.61
CE;2304285;Eusébio;0.701
CE;2304301;Farias Brito;0.633
CE;2304350;Forquilha;0.644
CE;2304400;Fortaleza;0.754
CE;2304459;Fortim;0.624
CE;2304509;Frecheirinha;0.604
CE;2304608;General Sampaio;0.568
CE;2304657;Graça;0.57
CE;2304707;Granja;0.559
CE;2304806;Granjeiro;0.585
CE;2304905;Groaíras;0.633
CE;2304954;Guaiúba;0.617
CE;2305001;Guaraciaba do Norte;0.609
CE;2305100;Guaramiranga;0.637
CE;2305209;Hidrolândia;0.597
CE;2305233;Horizonte;0.658
CE;2305266;Ibaretama;0.577
CE;2305308;Ibiapina;0.608
CE;2305332;Ibicuitinga;0.606
CE;2305357;Icapuí;0.616
CE;2305407;Icó;0.606
CE;2305506;Iguatu;0.677
CE;2305605;Independência;0.632
CE;2305654;Ipaporanga;0.579
CE;2305704;Ipaumirim;0.606
CE;2305803;Ipu;0.618
CE;2305902;Ipueiras;0.573
CE;2306009;Iracema;0.652
CE;2306108;Irauçuba;0.605
CE;2306207;Itaiçaba;0.656
CE;2306256;Itaitinga;0.626
CE;2306306;Itapagé;0.623
CE;2306405;Itapipoca;0.64
CE;2306504;Itapiúna;0.604
CE;2306553;Itarema;0.606
CE;2306603;Itatira;0.562
CE;2306702;Jaguaretama;0.612
CE;2306801;Jaguaribara;0.618
CE;2306900;Jaguaribe;0.621
CE;2307007;Jaguaruana;0.624
CE;2307106;Jardim;0.614
CE;2307205;Jati;0.651
CE;2307254;Jijoca de Jericoacoara;0.652
CE;2307304;Juazeiro do Norte;0.694
CE;2307403;Jucás;0.598
CE;2307502;Lavras da Mangabeira;0.613
CE;2307601;Limoeiro do Norte;0.682
CE;2307635;Madalena;0.61
CE;2307650;Maracanaú;0.686
CE;2307700;Maranguape;0.659
CE;2307809;Marco;0.612
CE;2307908;Martinópole;0.599
CE;2308005;Massapê;0.616
CE;2308104;Mauriti;0.605
CE;2308203;Meruoca;0.618
CE;2308302;Milagres;0.628
CE;2308351;Milhã;0.626
CE;2308377;Miraíma;0.592
CE;2308401;Missão Velha;0.622
CE;2308500;Mombaça;0.582
CE;2308609;Monsenhor Tabosa;0.61
CE;2308708;Morada Nova;0.61
CE;2308807;Moraújo;0.581
CE;2308906;Morrinhos;0.588
CE;2309003;Mucambo;0.607
CE;2309102;Mulungu;0.607
CE;2309201;Nova Olinda;0.625
CE;2309300;Nova Russas;0.614
CE;2309409;Novo Oriente;0.605
CE;2309458;Ocara;0.594
CE;2309508;Orós;0.636
CE;2309607;Pacajus;0.659
CE;2309706;Pacatuba;0.675
CE;2309805;Pacoti;0.635
CE;2309904;Pacujá;0.621
CE;2310001;Palhano;0.638
CE;2310100;Palmácia;0.622
CE;2310209;Paracuru;0.637
CE;2310258;Paraipaba;0.634
CE;2310308;Parambu;0.57
CE;2310407;Paramoti;0.583
CE;2310506;Pedra Branca;0.603
CE;2310605;Penaforte;0.646
CE;2310704;Pentecoste;0.629
CE;2310803;Pereiro;0.601
CE;2310852;Pindoretama;0.636
CE;2310902;Piquet Carneiro;0.6
CE;2310951;Pires Ferreira;0.591
CE;2311009;Poranga;0.581
CE;2311108;Porteiras;0.622
CE;2311207;Potengi;0.562
CE;2311231;Potiretama;0.604
CE;2311264;Quiterianópolis;0.594
CE;2311306;Quixadá;0.659
CE;2311355;Quixelô;0.591
CE;2311405;Quixeramobim;0.642
CE;2311504;Quixeré;0.622
CE;2311603;Redenção;0.626
CE;2311702;Reriutaba;0.601
CE;2311801;Russas;0.674
CE;2311900;Saboeiro;0.575
CE;2311959;Salitre;0.54
CE;2312007;Santana do Acaraú;0.587
CE;2312106;Santana do Cariri;0.612
CE;2312205;Santa Quitéria;0.616
CE;2312304;São Benedito;0.611
CE;2312403;São Gonçalo do Amarante;0.665
CE;2312502;São João do Jaguaribe;0.654
CE;2312601;São Luís do Curu;0.62
CE;2312700;Senador Pompeu;0.619
CE;2312809;Senador Sá;0.603
CE;2312908;Sobral;0.714
CE;2313005;Solonópole;0.625
CE;2313104;Tabuleiro do Norte;0.645
CE;2313203;Tamboril;0.58
CE;2313252;Tarrafas;0.576
CE;2313302;Tauá;0.633
CE;2313351;Tejuçuoca;0.584
CE;2313401;Tianguá;0.657
CE;2313500;Trairi;0.606
CE;2313559;Tururu;0.606
CE;2313609;Ubajara;0.648
CE;2313708;Umari;0.591
CE;2313757;Umirim;0.587
CE;2313807;Uruburetama;0.639
CE;2313906;Uruoca;0.566
CE;2313955;Varjota;0.611
CE;2314003;Várzea Alegre;0.629
CE;2314102;Viçosa do Ceará;0.571
MA;2100055;Açailândia;0.672
MA;2100105;Afonso Cunha;0.529
MA;2100154;Água Doce do Maranhão;0.5
MA;2100204;Alcântara;0.573
MA;2100303;Aldeias Altas;0.513
MA;2100402;Altamira do Maranhão;0.549
MA;2100436;Alto Alegre do Maranhão;0.554
MA;2100477;Alto Alegre do Pindaré;0.558
MA;2100501;Alto Parnaíba;0.633
MA;2100550;Amapá do Maranhão;0.52
MA;2100600;Amarante do Maranhão;0.555
MA;2100709;Anajatuba;0.581
MA;2100808;Anapurus;0.581
MA;2100832;Apicum-Açu;0.568
MA;2100873;Araguanã;0.533
MA;2100907;Araioses;0.521
MA;2100956;Arame;0.512
MA;2101004;Arari;0.626
MA;2101103;Axixá;0.641
MA;2101202;Bacabal;0.651
MA;2101251;Bacabeira;0.629
MA;2101301;Bacuri;0.578
MA;2101350;Bacurituba;0.537
MA;2101400;Balsas;0.687
MA;2101509;Barão de Grajaú;0.592
MA;2101608;Barra do Corda;0.606
MA;2101707;Barreirinhas;0.57
MA;2101731;Belágua;0.512
MA;2101772;Bela Vista do Maranhão;0.554
MA;2101806;Benedito Leite;0.546
MA;2101905;Bequimão;0.601
MA;2101939;Bernardo do Mearim;0.604
MA;2101970;Boa Vista do Gurupi;0.545
MA;2102002;Bom Jardim;0.538
MA;2102036;Bom Jesus das Selvas;0.558
MA;2102077;Bom Lugar;0.562
MA;2102101;Brejo;0.562
MA;2102150;Brejo de Areia;0.519
MA;2102200;Buriti;0.548
MA;2102309;Buriti Bravo;0.59
MA;2102325;Buriticupu;0.556
MA;2102358;Buritirana;0.583
MA;2102374;Cachoeira Grande;0.537
MA;2102408;Cajapió;0.553
MA;2102507;Cajari;0.523
MA;2102556;Campestre do Maranhão;0.652
MA;2102606;Cândido Mendes;0.561
MA;2102705;Cantanhede;0.565
MA;2102754;Capinzal do Norte;0.537
MA;2102804;Carolina;0.634
MA;2102903;Carutapera;0.574
MA;2103000;Caxias;0.624
MA;2103109;Cedral;0.605
MA;2103125;Central do Maranhão;0.585
MA;2103158;Centro do Guilherme;0.542
MA;2103174;Centro Novo do Maranhão;0.518
MA;2103208;Chapadinha;0.604
MA;2103257;Cidelândia;0.6
MA;2103307;Codó;0.595
MA;2103406;Coelho Neto;0.564
MA;2103505;Colinas;0.596
MA;2103554;Conceição do Lago-Açu;0.512
MA;2103604;Coroatá;0.576
MA;2103703;Cururupu;0.612
MA;2103752;Davinópolis;0.607
MA;2103802;Dom Pedro;0.622
MA;2103901;Duque Bacelar;0.533
MA;2104008;Esperantinópolis;0.586
MA;2104057;Estreito;0.659
MA;2104073;Feira Nova do Maranhão;0.532
MA;2104081;Fernando Falcão;0.443
MA;2104099;Formosa da Serra Negra;0.556
MA;2104107;Fortaleza dos Nogueiras;0.616
MA;2104206;Fortuna;0.58
MA;2104305;Godofredo Viana;0.604
MA;2104404;Gonçalves Dias;0.568
MA;2104503;Governador Archer;0.565
MA;2104552;Governador Edison Lobão;0.629
MA;2104602;Governador Eugênio Barros;0.572
MA;2104628;Governador Luiz Rocha;0.544
MA;2104651;Governador Newton Bello;0.521
MA;2104677;Governador Nunes Freire;0.569
MA;2104701;Graça Aranha;0.57
MA;2104800;Grajaú;0.609
MA;2104909;Guimarães;0.625
MA;2105005;Humberto de Campos;0.535
MA;2105104;Icatu;0.546
MA;2105153;Igarapé do Meio;0.569
MA;2105203;Igarapé Grande;0.614
MA;2105302;Imperatriz;0.731
MA;2105351;Itaipava do Grajaú;0.518
MA;2105401;Itapecuru Mirim;0.599
MA;2105427;Itinga do Maranhão;0.63
MA;2105450;Jatobá;0.561
MA;2105476;Jenipapo dos Vieiras;0.49
MA;2105500;João Lisboa;0.641
MA;2105609;Joselândia;0.561
MA;2105658;Junco do Maranhão;0.552
MA;2105708;Lago da Pedra;0.589
MA;2105807;Lago do Junco;0.581
MA;2105906;Lago Verde;0.557
MA;2105922;Lagoa do Mato;0.566
MA;2105948;Lago dos Rodrigues;0.602
MA;2105963;Lagoa Grande do Maranhão;0.502
MA;2105989;Lajeado Novo;0.589
MA;2106003;Lima Campos;0.581
MA;2106102;Loreto;0.582
MA;2106201;Luís Domingues;0.588
MA;2106300;Magalhães de Almeida;0.567
MA;2106326;Maracaçumé;0.582
MA;2106359;Marajá do Sena;0.452
MA;2106375;Maranhãozinho;0.55
MA;2106409;Mata Roma;0.57
MA;2106508;Matinha;0.619
MA;2106607;Matões;0.55
MA;2106631;Matões do Norte;0.533
MA;2106672;Milagres do Maranhão;0.527
MA;2106706;Mirador;0.545
MA;2106755;Miranda do Norte;0.61
MA;2106805;Mirinzal;0.622
MA;2106904;Monção;0.546
MA;2107001;Montes Altos;0.575
MA;2107100;Morros;0.548
MA;2107209;Nina Rodrigues;0.585
MA;2107258;Nova Colinas;0.566
MA;2107308;Nova Iorque;0.584
MA;2107357;Nova Olinda do Maranhão;0.581
MA;2107407;Olho d'Água das Cunhãs;0.589
MA;2107456;Olinda Nova do Maranhão;0.575
MA;2107506;Paço do Lumiar;0.724
MA;2107605;Palmeirândia;0.556
MA;2107704;Paraibano;0.58
MA;2107803;Parnarama;0.542
MA;2107902;Passagem Franca;0.532
MA;2108009;Pastos Bons;0.61
MA;2108058;Paulino Neves;0.561
MA;2108108;Paulo Ramos;0.549
MA;2108207;Pedreiras;0.682
MA;2108256;Pedro do Rosário;0.516
MA;2108306;Penalva;0.554
MA;2108405;Peri Mirim;0.599
MA;2108454;Peritoró;0.564
MA;2108504;Pindaré-Mirim;0.633
MA;2108603;Pinheiro;0.637
MA;2108702;Pio XII;0.541
MA;2108801;Pirapemas;0.576
MA;2108900;Poção de Pedras;0.576
MA;2109007;Porto Franco;0.684
MA;2109056;Porto Rico do Maranhão;0.615
MA;2109106;Presidente Dutra;0.653
MA;2109205;Presidente Juscelino;0.563
MA;2109239;Presidente Médici;0.591
MA;2109270;Presidente Sarney;0.557
MA;2109304;Presidente Vargas;0.587
MA;2109403;Primeira Cruz;0.512
MA;2109452;Raposa;0.626
MA;2109502;Riachão;0.576
MA;2109551;Ribamar Fiquene;0.615
MA;2109601;Rosário;0.632
MA;2109700;Sambaíba;0.565
MA;2109759;Santa Filomena do Maranhão;0.525
MA;2109809;Santa Helena;0.571
MA;2109908;Santa Inês;0.674
MA;2110005;Santa Luzia;0.55
MA;2110039;Santa Luzia do Paruá;0.599
MA;2110104;Santa Quitéria do Maranhão;0.555
MA;2110203;Santa Rita;0.609
MA;2110237;Santana do Maranhão;0.51
MA;2110278;Santo Amaro do Maranhão;0.518
MA;2110302;Santo Antônio dos Lopes;0.566
MA;2110401;São Benedito do Rio Preto;0.541
MA;2110500;São Bento;0.602
MA;2110609;São Bernardo;0.572
MA;2110658;São Domingos do Azeitão;0.59
MA;2110708;São Domingos do Maranhão;0.582
MA;2110807;São Félix de Balsas;0.557
MA;2110856;São Francisco do Brejão;0.584
MA;2110906;São Francisco do Maranhão;0.528
MA;2111003;São João Batista;0.598
MA;2111029;São João do Carú;0.509
MA;2111052;São João do Paraíso;0.609
MA;2111078;São João do Soter;0.517
MA;2111102;São João dos Patos;0.615
MA;2111201;São José de Ribamar;0.708
MA;2111250;São José dos Basílios;0.557
MA;2111300;São Luís;0.768
MA;2111409;São Luís Gonzaga do Maranhão;0.54
MA;2111508;São Mateus do Maranhão;0.616
MA;2111532;São Pedro da Água Branca;0.605
MA;2111573;São Pedro dos Crentes;0.6
MA;2111607;São Raimundo das Mangabeiras;0.61
MA;2111631;São Raimundo do Doca Bezerra;0.516
MA;2111672;São Roberto;0.516
MA;2111706;São Vicente Ferrer;0.592
MA;2111722;Satubinha;0.493
MA;2111748;Senador Alexandre Costa;0.538
MA;2111763;Senador La Rocque;0.602
MA;2111789;Serrano do Maranhão;0.519
MA;2111805;Sítio Novo;0.564
MA;2111904;Sucupira do Norte;0.579
MA;2111953;Sucupira do Riachão;0.568
MA;2112001;Tasso Fragoso;0.599
MA;2112100;Timbiras;0.537
MA;2112209;Timon;0.649
MA;2112233;Trizidela do Vale;0.606
MA;2112274;Tufilândia;0.555
MA;2112308;Tuntum;0.572
MA;2112407;Turiaçu;0.561
MA;2112456;Turilândia;0.536
MA;2112506;Tutóia;0.561
MA;2112605;Urbano Santos;0.588
MA;2112704;Vargem Grande;0.542
MA;2112803;Viana;0.618
MA;2112852;Vila Nova dos Martírios;0.581
MA;2112902;Vitória do Mearim;0.596
MA;2113009;Vitorino Freire;0.57
MA;2114007;Zé Doca;0.595
PB;2500106;Água Branca;0.572
PB;2500205;Aguiar;0.597
PB;2500304;Alagoa Grande;0.582
PB;2500403;Alagoa Nova;0.576
PB;2500502;Alagoinha;0.595
PB;2500536;Alcantil;0.578
PB;2500577;Algodão de Jandaíra;0.548
PB;2500601;Alhandra;0.582
PB;2500700;São João do Rio do Peixe;0.608
PB;2500734;Amparo;0.606
PB;2500775;Aparecida;0.578
PB;2500809;Araçagi;0.549
PB;2500908;Arara;0.548
PB;2501005;Araruna;0.567
PB;2501104;Areia;0.594
PB;2501153;Areia de Baraúnas;0.562
PB;2501203;Areial;0.608
PB;2501302;Aroeiras;0.548
PB;2501351;Assunção;0.609
PB;2501401;Baía da Traição;0.581
PB;2501500;Bananeiras;0.568
PB;2501534;Baraúna;0.558
PB;2501575;Barra de Santana;0.567
PB;2501609;Barra de Santa Rosa;0.562
PB;2501708;Barra de São Miguel;0.572
PB;2501807;Bayeux;0.649
PB;2501906;Belém;0.592
PB;2502003;Belém do Brejo do Cruz;0.578
PB;2502052;Bernardino Batista;0.558
PB;2502102;Boa Ventura;0.599
PB;2502151;Boa Vista;0.649
PB;2502201;Bom Jesus;0.597
PB;2502300;Bom Sucesso;0.592
PB;2502409;Bonito de Santa Fé;0.574
PB;2502508;Boqueirão;0.607
PB;2502607;Igaracy;0.61
PB;2502706;Borborema;0.558
PB;2502805;Brejo do Cruz;0.597
PB;2502904;Brejo dos Santos;0.619
PB;2503001;Caaporã;0.602
PB;2503100;Cabaceiras;0.611
PB;2503209;Cabedelo;0.748
PB;2503308;Cachoeira dos Índios;0.587
PB;2503407;Cacimba de Areia;0.596
PB;2503506;Cacimba de Dentro;0.564
PB;2503555;Cacimbas;0.523
PB;2503605;Caiçara;0.592
PB;2503704;Cajazeiras;0.679
PB;2503753;Cajazeirinhas;0.55
PB;2503803;Caldas Brandão;0.568
PB;2503902;Camalaú;0.567
PB;2504009;Campina Grande;0.72
PB;2504033;Capim;0.533
PB;2504074;Caraúbas;0.585
PB;2504108;Carrapateira;0.603
PB;2504157;Casserengue;0.514
PB;2504207;Catingueira;0.574
PB;2504306;Catolé do Rocha;0.64
PB;2504355;Caturité;0.623
PB;2504405;Conceição;0.592
PB;2504504;Condado;0.594
PB;2504603;Conde;0.618
PB;2504702;Congo;0.581
PB;2504801;Coremas;0.592
PB;2504850;Coxixola;0.641
PB;2504900;Cruz do Espírito Santo;0.552
PB;2505006;Cubati;0.566
PB;2505105;Cuité;0.591
PB;2505204;Cuitegi;0.57
PB;2505238;Cuité de Mamanguape;0.524
PB;2505279;Curral de Cima;0.529
PB;2505303;Curral Velho;0.606
PB;2505352;Damião;0.521
PB;2505402;Desterro;0.58
PB;2505501;Vista Serrana;0.566
PB;2505600;Diamante;0.593
PB;2505709;Dona Inês;0.545
PB;2505808;Duas Estradas;0.603
PB;2505907;Emas;0.595
PB;2506004;Esperança;0.623
PB;2506103;Fagundes;0.56
PB;2506202;Frei Martinho;0.641
PB;2506251;Gado Bravo;0.513
PB;2506301;Guarabira;0.673
PB;2506400;Gurinhém;0.556
PB;2506509;Gurjão;0.625
PB;2506608;Ibiara;0.586
PB;2506707;Imaculada;0.557
PB;2506806;Ingá;0.592
PB;2506905;Itabaiana;0.613
PB;2507002;Itaporanga;0.615
PB;2507101;Itapororoca;0.564
PB;2507200;Itatuba;0.562
PB;2507309;Jacaraú;0.558
PB;2507408;Jericó;0.603
PB;2507507;João Pessoa;0.763
PB;2507606;Juarez Távora;0.579
PB;2507705;Juazeirinho;0.567
PB;2507804;Junco do Seridó;0.617
PB;2507903;Juripiranga;0.548
PB;2508000;Juru;0.57
PB;2508109;Lagoa;0.563
PB;2508208;Lagoa de Dentro;0.57
PB;2508307;Lagoa Seca;0.627
PB;2508406;Lastro;0.533
PB;2508505;Livramento;0.566
PB;2508554;Logradouro;0.583
PB;2508604;Lucena;0.583
PB;2508703;Mãe d'Água;0.542
PB;2508802;Malta;0.642
PB;2508901;Mamanguape;0.585
PB;2509008;Manaíra;0.543
PB;2509057;Marcação;0.529
PB;2509107;Mari;0.548
PB;2509156;Marizópolis;0.608
PB;2509206;Massaranduba;0.567
PB;2509305;Mataraca;0.536
PB;2509339;Matinhas;0.541
PB;2509370;Mato Grosso;0.565
PB;2509396;Maturéia;0.572
PB;2509404;Mogeiro;0.574
PB;2509503;Montadas;0.59
PB;2509602;Monte Horebe;0.587
PB;2509701;Monteiro;0.628
PB;2509800;Mulungu;0.565
PB;2509909;Natuba;0.541
PB;2510006;Nazarezinho;0.562
PB;2510105;Nova Floresta;0.601
PB;2510204;Nova Olinda;0.573
PB;2510303;Nova Palmeira;0.595
PB;2510402;Olho d'Água;0.572
PB;2510501;Olivedos;0.603
PB;2510600;Ouro Velho;0.614
PB;2510659;Parari;0.584
PB;2510709;Passagem;0.62
PB;2510808;Patos;0.701
PB;2510907;Paulista;0.587
PB;2511004;Pedra Branca;0.599
PB;2511103;Pedra Lavrada;0.574
PB;2511202;Pedras de Fogo;0.59
PB;2511301;Piancó;0.621
PB;2511400;Picuí;0.608
PB;2511509;Pilar;0.579
PB;2511608;Pilões;0.56
PB;2511707;Pilõezinhos;0.564
PB;2511806;Pirpirituba;0.595
PB;2511905;Pitimbu;0.57
PB;2512002;Pocinhos;0.591
PB;2512036;Poço Dantas;0.525
PB;2512077;Poço de José de Moura;0.612
PB;2512101;Pombal;0.634
PB;2512200;Prata;0.608
PB;2512309;Princesa Isabel;0.606
PB;2512408;Puxinanã;0.617
PB;2512507;Queimadas;0.608
PB;2512606;Quixabá;0.622
PB;2512705;Remígio;0.607
PB;2512721;Pedro Régis;0.542
PB;2512747;Riachão;0.574
PB;2512754;Riachão do Bacamarte;0.553
PB;2512762;Riachão do Poço;0.555
PB;2512788;Riacho de Santo Antônio;0.594
PB;2512804;Riacho dos Cavalos;0.568
PB;2512903;Rio Tinto;0.585
PB;2513000;Salgadinho;0.563
PB;2513109;Salgado de São Félix;0.568
PB;2513158;Santa Cecília;0.525
PB;2513208;Santa Cruz;0.618
PB;2513307;Santa Helena;0.609
PB;2513356;Santa Inês;0.572
PB;2513406;Santa Luzia;0.682
PB;2513505;Santana de Mangueira;0.535
PB;2513604;Santana dos Garrotes;0.594
PB;2513653;Santarém;0.622
PB;2513703;Santa Rita;0.627
PB;2513802;Santa Teresinha;0.627
PB;2513851;Santo André;0.6
PB;2513901;São Bento;0.58
PB;2513927;São Bentinho;0.606
PB;2513943;São Domingos do Cariri;0.589
PB;2513968;São Domingos de Pombal;0.548
PB;2513984;São Francisco;0.58
PB;2514008;São João do Cariri;0.622
PB;2514107;São João do Tigre;0.552
PB;2514206;São José da Lagoa Tapada;0.53
PB;2514305;São José de Caiana;0.565
PB;2514404;São José de Espinharas;0.577
PB;2514453;São José dos Ramos;0.541
PB;2514503;São José de Piranhas;0.591
PB;2514552;São José de Princesa;0.565
PB;2514602;São José do Bonfim;0.578
PB;2514651;São José do Brejo do Cruz;0.581
PB;2514701;São José do Sabugi;0.617
PB;2514800;São José dos Cordeiros;0.556
PB;2514909;São Mamede;0.641
PB;2515005;São Miguel de Taipu;0.548
PB;2515104;São Sebastião de Lagoa de Roça;0.594
PB;2515203;São Sebastião do Umbuzeiro;0.581
PB;2515302;Sapé;0.569
PB;2515401;Seridó;0.555
PB;2515500;Serra Branca;0.628
PB;2515609;Serra da Raiz;0.626
PB;2515708;Serra Grande;0.586
PB;2515807;Serra Redonda;0.57
PB;2515906;Serraria;0.547
PB;2515930;Sertãozinho;0.621
PB;2515971;Sobrado;0.573
PB;2516003;Solânea;0.595
PB;2516102;Soledade;0.616
PB;2516151;Sossêgo;0.573
PB;2516201;Sousa;0.668
PB;2516300;Sumé;0.627
PB;2516409;Campo de Santana;0.551
PB;2516508;Taperoá;0.578
PB;2516607;Tavares;0.586
PB;2516706;Teixeira;0.605
PB;2516755;Tenório;0.581
PB;2516805;Triunfo;0.609
PB;2516904;Uiraúna;0.636
PB;2517001;Umbuzeiro;0.584
PB;2517100;Várzea;0.707
PB;2517209;Vieirópolis;0.571
PB;2517407;Zabelê;0.623
PE;2600054;Abreu e Lima;0.679
PE;2600104;Afogados da Ingazeira;0.657
PE;2600203;Afrânio;0.588
PE;2600302;Agrestina;0.592
PE;2600401;Água Preta;0.553
PE;2600500;Águas Belas;0.526
PE;2600609;Alagoinha;0.599
PE;2600708;Aliança;0.604
PE;2600807;Altinho;0.598
PE;2600906;Amaraji;0.58
PE;2601003;Angelim;0.572
PE;2601052;Araçoiaba;0.592
PE;2601102;Araripina;0.602
PE;2601201;Arcoverde;0.667
PE;2601300;Barra de Guabiraba;0.577
PE;2601409;Barreiros;0.586
PE;2601508;Belém de Maria;0.578
PE;2601607;Belém de São Francisco;0.642
PE;2601706;Belo Jardim;0.629
PE;2601805;Betânia;0.559
PE;2601904;Bezerros;0.606
PE;2602001;Bodocó;0.565
PE;2602100;Bom Conselho;0.563
PE;2602209;Bom Jardim;0.602
PE;2602308;Bonito;0.561
PE;2602407;Brejão;0.547
PE;2602506;Brejinho;0.574
PE;2602605;Brejo da Madre de Deus;0.562
PE;2602704;Buenos Aires;0.593
PE;2602803;Buíque;0.527
PE;2602902;Cabo de Santo Agostinho;0.686
PE;2603009;Cabrobó;0.623
PE;2603108;Cachoeirinha;0.579
PE;2603207;Caetés;0.522
PE;2603306;Calçado;0.566
PE;2603405;Calumbi;0.571
PE;2603454;Camaragibe;0.692
PE;2603504;Camocim de São Félix;0.588
PE;2603603;Camutanga;0.606
PE;2603702;Canhotinho;0.541
PE;2603801;Capoeiras;0.549
PE;2603900;Carnaíba;0.583
PE;2603926;Carnaubeira da Penha;0.573
PE;2604007;Carpina;0.68
PE;2604106;Caruaru;0.677
PE;2604155;Casinhas;0.567
PE;2604205;Catende;0.609
PE;2604304;Cedro;0.615
PE;2604403;Chã de Alegria;0.604
PE;2604502;Chã Grande;0.599
PE;2604601;Condado;0.602
PE;2604700;Correntes;0.536
PE;2604809;Cortês;0.568
PE;2604908;Cumaru;0.572
PE;2605004;Cupira;0.592
PE;2605103;Custódia;0.594
PE;2605152;Dormentes;0.589
PE;2605202;Escada;0.632
PE;2605301;Exu;0.576
PE;2605400;Feira Nova;0.6
PE;2605459;Fernando de Noronha;0.788
PE;2605509;Ferreiros;0.622
PE;2605608;Flores;0.556
PE;2605707;Floresta;0.626
PE;2605806;Frei Miguelinho;0.576
PE;2605905;Gameleira;0.602
PE;2606002;Garanhuns;0.664
PE;2606101;Glória do Goitá;0.604
PE;2606200;Goiana;0.651
PE;2606309;Granito;0.595
PE;2606408;Gravatá;0.634
PE;2606507;Iati;0.528
PE;2606606;Ibimirim;0.552
PE;2606705;Ibirajuba;0.58
PE;2606804;Igarassu;0.665
PE;2606903;Iguaraci;0.598
PE;2607000;Inajá;0.523
PE;2607109;Ingazeira;0.608
PE;2607208;Ipojuca;0.619
PE;2607307;Ipubi;0.55
PE;2607406;Itacuruba;0.595
PE;2607505;Itaíba;0.51
PE;2607604;Itamaracá;0.653
PE;2607653;Itambé;0.575
PE;2607703;Itapetim;0.592
PE;2607752;Itapissuma;0.633
PE;2607802;Itaquitinga;0.586
PE;2607901;Jaboatão dos Guararapes;0.717
PE;2607950;Jaqueira;0.575
PE;2608008;Jataúba;0.53
PE;2608057;Jatobá;0.645
PE;2608107;João Alfredo;0.576
PE;2608206;Joaquim Nabuco;0.554
PE;2608255;Jucati;0.55
PE;2608305;Jupi;0.575
PE;2608404;Jurema;0.509
PE;2608453;Lagoa do Carro;0.609
PE;2608503;Lagoa do Itaenga;0.602
PE;2608602;Lagoa do Ouro;0.525
PE;2608701;Lagoa dos Gatos;0.551
PE;2608750;Lagoa Grande;0.597
PE;2608800;Lajedo;0.611
PE;2608909;Limoeiro;0.663
PE;2609006;Macaparana;0.609
PE;2609105;Machados;0.578
PE;2609154;Manari;0.487
PE;2609204;Maraial;0.534
PE;2609303;Mirandiba;0.591
PE;2609402;Moreno;0.652
PE;2609501;Nazaré da Mata;0.662
PE;2609600;Olinda;0.735
PE;2609709;Orobó;0.61
PE;2609808;Orocó;0.61
PE;2609907;Ouricuri;0.572
PE;2610004;Palmares;0.622
PE;2610103;Palmeirina;0.549
PE;2610202;Panelas;0.569
PE;2610301;Paranatama;0.537
PE;2610400;Parnamirim;0.599
PE;2610509;Passira;0.592
PE;2610608;Paudalho;0.639
PE;2610707;Paulista;0.732
PE;2610806;Pedra;0.567
PE;2610905;Pesqueira;0.61
PE;2611002;Petrolândia;0.623
PE;2611101;Petrolina;0.697
PE;2611200;Poção;0.528
PE;2611309;Pombos;0.598
PE;2611408;Primavera;0.58
PE;2611507;Quipapá;0.552
PE;2611533;Quixaba;0.577
PE;2611606;Recife;0.772
PE;2611705;Riacho das Almas;0.57
PE;2611804;Ribeirão;0.602
PE;2611903;Rio Formoso;0.613
PE;2612000;Sairé;0.585
PE;2612109;Salgadinho;0.534
PE;2612208;Salgueiro;0.669
PE;2612307;Saloá;0.559
PE;2612406;Sanharó;0.603
PE;2612455;Santa Cruz;0.549
PE;2612471;Santa Cruz da Baixa Verde;0.612
PE;2612505;Santa Cruz do Capibaribe;0.648
PE;2612554;Santa Filomena;0.533
PE;2612604;Santa Maria da Boa Vista;0.59
PE;2612703;Santa Maria do Cambucá;0.548
PE;2612802;Santa Terezinha;0.593
PE;2612901;São Benedito do Sul;0.53
PE;2613008;São Bento do Una;0.593
PE;2613107;São Caitano;0.591
PE;2613206;São João;0.57
PE;2613305;São Joaquim do Monte;0.537
PE;2613404;São José da Coroa Grande;0.608
PE;2613503;São José do Belmonte;0.61
PE;2613602;São José do Egito;0.635
PE;2613701;São Lourenço da Mata;0.653
PE;2613800;São Vicente Ferrer;0.549
PE;2613909;Serra Talhada;0.661
PE;2614006;Serrita;0.595
PE;2614105;Sertânia;0.613
PE;2614204;Sirinhaém;0.597
PE;2614303;Moreilândia;0.6
PE;2614402;Solidão;0.585
PE;2614501;Surubim;0.635
PE;2614600;Tabira;0.605
PE;2614709;Tacaimbó;0.554
PE;2614808;Tacaratu;0.573
PE;2614857;Tamandaré;0.593
PE;2615003;Taquaritinga do Norte;0.641
PE;2615102;Terezinha;0.545
PE;2615201;Terra Nova;0.599
PE;2615300;Timbaúba;0.618
PE;2615409;Toritama;0.618
PE;2615508;Tracunhaém;0.605
PE;2615607;Trindade;0.595
PE;2615706;Triunfo;0.67
PE;2615805;Tupanatinga;0.519
PE;2615904;Tuparetama;0.634
PE;2616001;Venturosa;0.592
PE;2616100;Verdejante;0.605
PE;2616183;Vertente do Lério;0.563
PE;2616209;Vertentes;0.582
PE;2616308;Vicência;0.605
PE;2616407;Vitória de Santo Antão;0.64
PE;2616506;Xexéu;0.552
PI;2200053;Acauã;0.528
PI;2200103;Agricolândia;0.599
PI;2200202;Água Branca;0.639
PI;2200251;Alagoinha do Piauí;0.531
PI;2200277;Alegrete do Piauí;0.585
PI;2200301;Alto Longá;0.585
PI;2200400;Altos;0.614
PI;2200459;Alvorada do Gurguéia;0.578
PI;2200509;Amarante;0.598
PI;2200608;Angical do Piauí;0.63
PI;2200707;Anísio de Abreu;0.594
PI;2200806;Antônio Almeida;0.62
PI;2200905;Aroazes;0.583
PI;2200954;Aroeiras de Itaim;0.519
PI;2201002;Arraial;0.56
PI;2201051;Assunção do Piauí;0.499
PI;2201101;Avelino Lopes;0.554
PI;2201150;Baixa Grande do Ribeiro;0.564
PI;2201176;Barra D'Alcântara;0.577
PI;2201200;Barras;0.595
PI;2201309;Barreiras do Piauí;0.557
PI;2201408;Barro Duro;0.612
PI;2201507;Batalha;0.545
PI;2201556;Bela Vista do Piauí;0.576
PI;2201572;Belém do Piauí;0.551
PI;2201606;Beneditinos;0.557
PI;2201705;Bertolínia;0.612
PI;2201739;Betânia do Piauí;0.489
PI;2201770;Boa Hora;0.575
PI;2201804;Bocaina;0.632
PI;2201903;Bom Jesus;0.668
PI;2201919;Bom Princípio do Piauí;0.532
PI;2201929;Bonfim do Piauí;0.542
PI;2201945;Boqueirão do Piauí;0.56
PI;2201960;Brasileira;0.577
PI;2201988;Brejo do Piauí;0.515
PI;2202000;Buriti dos Lopes;0.565
PI;2202026;Buriti dos Montes;0.574
PI;2202059;Cabeceiras do Piauí;0.583
PI;2202075;Cajazeiras do Piauí;0.562
PI;2202083;Cajueiro da Praia;0.546
PI;2202091;Caldeirão Grande do Piauí;0.588
PI;2202109;Campinas do Piauí;0.544
PI;2202117;Campo Alegre do Fidalgo;0.537
PI;2202133;Campo Grande do Piauí;0.56
PI;2202174;Campo Largo do Piauí;0.528
PI;2202208;Campo Maior;0.656
PI;2202251;Canavieira;0.583
PI;2202307;Canto do Buriti;0.576
PI;2202406;Capitão de Campos;0.583
PI;2202455;Capitão Gervásio Oliveira;0.553
PI;2202505;Caracol;0.552
PI;2202539;Caraúbas do Piauí;0.505
PI;2202554;Caridade do Piauí;0.541
PI;2202604;Castelo do Piauí;0.587
PI;2202653;Caxingó;0.488
PI;2202703;Cocal;0.497
PI;2202711;Cocal de Telha;0.555
PI;2202729;Cocal dos Alves;0.498
PI;2202737;Coivaras;0.565
PI;2202752;Colônia do Gurguéia;0.628
PI;2202778;Colônia do Piauí;0.588
PI;2202802;Conceição do Canindé;0.589
PI;2202851;Coronel José Dias;0.546
PI;2202901;Corrente;0.642
PI;2203008;Cristalândia do Piauí;0.573
PI;2203107;Cristino Castro;0.566
PI;2203206;Curimatá;0.607
PI;2203230;Currais;0.542
PI;2203255;Curralinhos;0.555
PI;2203271;Curral Novo do Piauí;0.527
PI;2203305;Demerval Lobão;0.618
PI;2203354;Dirceu Arcoverde;0.561
PI;2203404;Dom Expedito Lopes;0.601
PI;2203420;Domingos Mourão;0.55
PI;2203453;Dom Inocêncio;0.549
PI;2203503;Elesbão Veloso;0.58
PI;2203602;Eliseu Martins;0.595
PI;2203701;Esperantina;0.605
PI;2203750;Fartura do Piauí;0.548
PI;2203800;Flores do Piauí;0.547
PI;2203859;Floresta do Piauí;0.538
PI;2203909;Floriano;0.7
PI;2204006;Francinópolis;0.564
PI;2204105;Francisco Ayres;0.577
PI;2204154;Francisco Macedo;0.553
PI;2204204;Francisco Santos;0.608
PI;2204303;Fronteiras;0.619
PI;2204352;Geminiano;0.561
PI;2204402;Gilbués;0.548
PI;2204501;Guadalupe;0.65
PI;2204550;Guaribas;0.508
PI;2204600;Hugo Napoleão;0.599
PI;2204659;Ilha Grande;0.563
PI;2204709;Inhuma;0.624
PI;2204808;Ipiranga do Piauí;0.63
PI;2204907;Isaías Coelho;0.582
PI;2205003;Itainópolis;0.541
PI;2205102;Itaueira;0.583
PI;2205151;Jacobina do Piauí;0.535
PI;2205201;Jaicós;0.524
PI;2205250;Jardim do Mulato;0.593
PI;2205276;Jatobá do Piauí;0.566
PI;2205300;Jerumenha;0.591
PI;2205359;João Costa;0.561
PI;2205409;Joaquim Pires;0.522
PI;2205458;Joca Marques;0.504
PI;2205508;José de Freitas;0.618
PI;2205516;Juazeiro do Piauí;0.57
PI;2205524;Júlio Borges;0.582
PI;2205532;Jurema;0.555
PI;2205540;Lagoinha do Piauí;0.597
PI;2205557;Lagoa Alegre;0.55
PI;2205565;Lagoa do Barro do Piauí;0.502
PI;2205573;Lagoa de São Francisco;0.529
PI;2205581;Lagoa do Piauí;0.583
PI;2205599;Lagoa do Sítio;0.541
PI;2205607;Landri Sales;0.584
PI;2205706;Luís Correia;0.541
PI;2205805;Luzilândia;0.545
PI;2205854;Madeiro;0.563
PI;2205904;Manoel Emídio;0.573
PI;2205953;Marcolândia;0.562
PI;2206001;Marcos Parente;0.59
PI;2206050;Massapê do Piauí;0.525
PI;2206100;Matias Olímpio;0.562
PI;2206209;Miguel Alves;0.539
PI;2206308;Miguel Leão;0.623
PI;2206357;Milton Brandão;0.508
PI;2206407;Monsenhor Gil;0.615
PI;2206506;Monsenhor Hipólito;0.561
PI;2206605;Monte Alegre do Piauí;0.578
PI;2206654;Morro Cabeça no Tempo;0.542
PI;2206670;Morro do Chapéu do Piauí;0.55
PI;2206696;Murici dos Portelas;0.53
PI;2206704;Nazaré do Piauí;0.576
PI;2206753;Nossa Senhora de Nazaré;0.586
PI;2206803;Nossa Senhora dos Remédios;0.533
PI;2206902;Novo Oriente do Piauí;0.562
PI;2206951;Novo Santo Antônio;0.528
PI;2207009;Oeiras;0.634
PI;2207108;Olho D'Água do Piauí;0.576
PI;2207207;Padre Marcos;0.541
PI;2207306;Paes Landim;0.575
PI;2207355;Pajeú do Piauí;0.559
PI;2207405;Palmeira do Piauí;0.557
PI;2207504;Palmeirais;0.562
PI;2207553;Paquetá;0.509
PI;2207603;Parnaguá;0.575
PI;2207702;Parnaíba;0.687
PI;2207751;Passagem Franca do Piauí;0.561
PI;2207777;Patos do Piauí;0.563
PI;2207793;Pau D'Arco do Piauí;0.514
PI;2207801;Paulistana;0.6
PI;2207850;Pavussu;0.526
PI;2207900;Pedro II;0.571
PI;2207934;Pedro Laurentino;0.562
PI;2207959;Nova Santa Rita;0.554
PI;2208007;Picos;0.698
PI;2208106;Pimenteiras;0.566
PI;2208205;Pio IX;0.564
PI;2208304;Piracuruca;0.596
PI;2208403;Piripiri;0.635
PI;2208502;Porto;0.549
PI;2208551;Porto Alegre do Piauí;0.563
PI;2208601;Prata do Piauí;0.565
PI;2208650;Queimada Nova;0.515
PI;2208700;Redenção do Gurguéia;0.589
PI;2208809;Regeneração;0.591
PI;2208858;Riacho Frio;0.541
PI;2208874;Ribeira do Piauí;0.52
PI;2208908;Ribeiro Gonçalves;0.601
PI;2209005;Rio Grande do Piauí;0.572
PI;2209104;Santa Cruz do Piauí;0.601
PI;2209153;Santa Cruz dos Milagres;0.577
PI;2209203;Santa Filomena;0.544
PI;2209302;Santa Luz;0.588
PI;2209351;Santana do Piauí;0.574
PI;2209377;Santa Rosa do Piauí;0.567
PI;2209401;Santo Antônio de Lisboa;0.584
PI;2209450;Santo Antônio dos Milagres;0.619
PI;2209500;Santo Inácio do Piauí;0.613
PI;2209559;São Braz do Piauí;0.596
PI;2209609;São Félix do Piauí;0.61
PI;2209658;São Francisco de Assis do Piauí;0.485
PI;2209708;São Francisco do Piauí;0.57
PI;2209757;São Gonçalo do Gurguéia;0.56
PI;2209807;São Gonçalo do Piauí;0.616
PI;2209856;São João da Canabrava;0.559
PI;2209872;São João da Fronteira;0.515
PI;2209906;São João da Serra;0.582
PI;2209955;São João da Varjota;0.559
PI;2209971;São João do Arraial;0.523
PI;2210003;São João do Piauí;0.645
PI;2210052;São José do Divino;0.565
PI;2210102;São José do Peixe;0.573
PI;2210201;São José do Piauí;0.552
PI;2210300;São Julião;0.594
PI;2210359;São Lourenço do Piauí;0.595
PI;2210375;São Luis do Piauí;0.554
PI;2210383;São Miguel da Baixa Grande;0.563
PI;2210391;São Miguel do Fidalgo;0.535
PI;2210409;São Miguel do Tapuio;0.556
PI;2210508;São Pedro do Piauí;0.595
PI;2210607;São Raimundo Nonato;0.661
PI;2210623;Sebastião Barros;0.536
PI;2210631;Sebastião Leal;0.562
PI;2210656;Sigefredo Pacheco;0.581
PI;2210706;Simões;0.575
PI;2210805;Simplício Mendes;0.627
PI;2210904;Socorro do Piauí;0.561
PI;2210938;Sussuapara;0.586
PI;2210953;Tamboril do Piauí;0.501
PI;2210979;Tanque do Piauí;0.579
PI;2211001;Teresina;0.751
PI;2211100;União;0.577
PI;2211209;Uruçuí;0.631
PI;2211308;Valença do Piauí;0.647
PI;2211357;Várzea Branca;0.553
PI;2211407;Várzea Grande;0.571
PI;2211506;Vera Mendes;0.503
PI;2211605;Vila Nova do Piauí;0.565
PI;2211704;Wall Ferraz;0.544
RN;2400109;Acari;0.679
RN;2400208;Açu;0.661
RN;2400307;Afonso Bezerra;0.585
RN;2400406;Água Nova;0.616
RN;2400505;Alexandria;0.606
RN;2400604;Almino Afonso;0.624
RN;2400703;Alto do Rodrigues;0.672
RN;2400802;Angicos;0.624
RN;2400901;Antônio Martins;0.578
RN;2401008;Apodi;0.639
RN;2401107;Areia Branca;0.682
RN;2401206;Arês;0.606
RN;2401305;Augusto Severo;0.621
RN;2401404;Baía Formosa;0.609
RN;2401453;Baraúna;0.574
RN;2401503;Barcelona;0.566
RN;2401602;Bento Fernandes;0.582
RN;2401651;Bodó;0.629
RN;2401701;Bom Jesus;0.584
RN;2401800;Brejinho;0.592
RN;2401859;Caiçara do Norte;0.574
RN;2401909;Caiçara do Rio do Vento;0.587
RN;2402006;Caicó;0.71
RN;2402105;Campo Redondo;0.626
RN;2402204;Canguaretama;0.579
RN;2402303;Caraúbas;0.638
RN;2402402;Carnaúba dos Dantas;0.659
RN;2402501;Carnaubais;0.589
RN;2402600;Ceará-Mirim;0.616
RN;2402709;Cerro Corá;0.607
RN;2402808;Coronel Ezequiel;0.587
RN;2402907;Coronel João Pessoa;0.578
RN;2403004;Cruzeta;0.654
RN;2403103;Currais Novos;0.691
RN;2403202;Doutor Severiano;0.621
RN;2403251;Parnamirim;0.766
RN;2403301;Encanto;0.629
RN;2403400;Equador;0.623
RN;2403509;Espírito Santo;0.558
RN;2403608;Extremoz;0.66
RN;2403707;Felipe Guerra;0.636
RN;2403756;Fernando Pedroza;0.597
RN;2403806;Florânia;0.642
RN;2403905;Francisco Dantas;0.606
RN;2404002;Frutuoso Gomes;0.597
RN;2404101;Galinhos;0.564
RN;2404200;Goianinha;0.638
RN;2404309;Governador Dix-Sept Rosado;0.592
RN;2404408;Grossos;0.664
RN;2404507;Guamaré;0.626
RN;2404606;Ielmo Marinho;0.55
RN;2404705;Ipanguaçu;0.603
RN;2404804;Ipueira;0.679
RN;2404853;Itajá;0.624
RN;2404903;Itaú;0.614
RN;2405009;Jaçanã;0.604
RN;2405108;Jandaíra;0.569
RN;2405207;Janduís;0.615
RN;2405306;Januário Cicco;0.574
RN;2405405;Japi;0.569
RN;2405504;Jardim de Angicos;0.565
RN;2405603;Jardim de Piranhas;0.603
RN;2405702;Jardim do Seridó;0.663
RN;2405801;João Câmara;0.595
RN;2405900;João Dias;0.53
RN;2406007;José da Penha;0.608
RN;2406106;Jucurutu;0.601
RN;2406155;Jundiá;0.595
RN;2406205;Lagoa d'Anta;0.601
RN;2406304;Lagoa de Pedras;0.553
RN;2406403;Lagoa de Velhos;0.589
RN;2406502;Lagoa Nova;0.585
RN;2406601;Lagoa Salgada;0.582
RN;2406700;Lajes;0.624
RN;2406809;Lajes Pintadas;0.625
RN;2406908;Lucrécia;0.646
RN;2407005;Luís Gomes;0.608
RN;2407104;Macaíba;0.64
RN;2407203;Macau;0.665
RN;2407252;Major Sales;0.617
RN;2407302;Marcelino Vieira;0.609
RN;2407401;Martins;0.622
RN;2407500;Maxaranguape;0.608
RN;2407609;Messias Targino;0.644
RN;2407708;Montanhas;0.557
RN;2407807;Monte Alegre;0.609
RN;2407906;Monte das Gameleiras;0.598
RN;2408003;Mossoró;0.72
RN;2408102;Natal;0.763
RN;2408201;Nísia Floresta;0.622
RN;2408300;Nova Cruz;0.629
RN;2408409;Olho-d'Água do Borges;0.585
RN;2408508;Ouro Branco;0.645
RN;2408607;Paraná;0.589
RN;2408706;Paraú;0.603
RN;2408805;Parazinho;0.549
RN;2408904;Parelhas;0.676
RN;2408953;Rio do Fogo;0.569
RN;2409100;Passa e Fica;0.606
RN;2409209;Passagem;0.589
RN;2409308;Patu;0.618
RN;2409332;Santa Maria;0.59
RN;2409407;Pau dos Ferros;0.678
RN;2409506;Pedra Grande;0.559
RN;2409605;Pedra Preta;0.558
RN;2409704;Pedro Avelino;0.583
RN;2409803;Pedro Velho;0.568
RN;2409902;Pendências;0.631
RN;2410009;Pilões;0.614
RN;2410108;Poço Branco;0.587
RN;2410207;Portalegre;0.621
RN;2410256;Porto do Mangue;0.59
RN;2410306;Presidente Juscelino;0.563
RN;2410405;Pureza;0.567
RN;2410504;Rafael Fernandes;0.608
RN;2410603;Rafael Godeiro;0.654
RN;2410702;Riacho da Cruz;0.584
RN;2410801;Riacho de Santana;0.591
RN;2410900;Riachuelo;0.592
RN;2411007;Rodolfo Fernandes;0.604
RN;2411056;Tibau;0.635
RN;2411106;Ruy Barbosa;0.605
RN;2411205;Santa Cruz;0.635
RN;2411403;Santana do Matos;0.591
RN;2411429;Santana do Seridó;0.642
RN;2411502;Santo Antônio;0.62
RN;2411601;São Bento do Norte;0.555
RN;2411700;São Bento do Trairí;0.595
RN;2411809;São Fernando;0.608
RN;2411908;São Francisco do Oeste;0.628
RN;2412005;São Gonçalo do Amarante;0.661
RN;2412104;São João do Sabugi;0.655
RN;2412203;São José de Mipibu;0.611
RN;2412302;São José do Campestre;0.615
RN;2412401;São José do Seridó;0.694
RN;2412500;São Miguel;0.606
RN;2412559;São Miguel de Touros;0.591
RN;2412609;São Paulo do Potengi;0.622
RN;2412708;São Pedro;0.589
RN;2412807;São Rafael;0.611
RN;2412906;São Tomé;0.585
RN;2413003;São Vicente;0.642
RN;2413102;Senador Elói de Souza;0.583
RN;2413201;Senador Georgino Avelino;0.57
RN;2413300;Serra de São Bento;0.582
RN;2413359;Serra do Mel;0.614
RN;2413409;Serra Negra do Norte;0.597
RN;2413508;Serrinha;0.592
RN;2413557;Serrinha dos Pintos;0.598
RN;2413607;Severiano Melo;0.604
RN;2413706;Sítio Novo;0.572
RN;2413805;Taboleiro Grande;0.612
RN;2413904;Taipu;0.569
RN;2414001;Tangará;0.608
RN;2414100;Tenente Ananias;0.592
RN;2414159;Tenente Laurentino Cruz;0.623
RN;2414209;Tibau do Sul;0.645
RN;2414308;Timbaúba dos Batistas;0.64
RN;2414407;Touros;0.572
RN;2414456;Triunfo Potiguar;0.602
RN;2414506;Umarizal;0.618
RN;2414605;Upanema;0.596
RN;2414704;Várzea;0.626
RN;2414753;Venha-Ver;0.555
RN;2414803;Vera Cruz;0.587
RN;2414902;Viçosa;0.592
RN;2415008;Vila Flor;0.576
SE;2800100;Amparo de São Francisco;0.611
SE;2800209;Aquidabã;0.578
SE;2800308;Aracaju;0.77
SE;2800407;Arauá;0.595
SE;2800506;Areia Branca;0.579
SE;2800605;Barra dos Coqueiros;0.649
SE;2800670;Boquim;0.604
SE;2800704;Brejo Grande;0.54
SE;2801009;Campo do Brito;0.621
SE;2801108;Canhoba;0.569
SE;2801207;Canindé de São Francisco;0.567
SE;2801306;Capela;0.615
SE;2801405;Carira;0.588
SE;2801504;Carmópolis;0.643
SE;2801603;Cedro de São João;0.623
SE;2801702;Cristinápolis;0.553
SE;2801900;Cumbe;0.604
SE;2802007;Divina Pastora;0.61
SE;2802106;Estância;0.647
SE;2802205;Feira Nova;0.584
SE;2802304;Frei Paulo;0.589
SE;2802403;Gararu;0.564
SE;2802502;General Maynard;0.645
SE;2802601;Gracho Cardoso;0.577
SE;2802700;Ilha das Flores;0.562
SE;2802809;Indiaroba;0.58
SE;2802908;Itabaiana;0.642
SE;2803005;Itabaianinha;0.556
SE;2803104;Itabi;0.602
SE;2803203;Itaporanga d'Ajuda;0.561
SE;2803302;Japaratuba;0.621
SE;2803401;Japoatã;0.56
SE;2803500;Lagarto;0.625
SE;2803609;Laranjeiras;0.642
SE;2803708;Macambira;0.583
SE;2803807;Malhada dos Bois;0.599
SE;2803906;Malhador;0.587
SE;2804003;Maruim;0.618
SE;2804102;Moita Bonita;0.587
SE;2804201;Monte Alegre de Sergipe;0.553
SE;2804300;Muribeca;0.626
SE;2804409;Neópolis;0.589
SE;2804458;Nossa Senhora Aparecida;0.577
SE;2804508;Nossa Senhora da Glória;0.587
SE;2804607;Nossa Senhora das Dores;0.6
SE;2804706;Nossa Senhora de Lourdes;0.598
SE;2804805;Nossa Senhora do Socorro;0.664
SE;2804904;Pacatuba;0.555
SE;2805000;Pedra Mole;0.593
SE;2805109;Pedrinhas;0.592
SE;2805208;Pinhão;0.583
SE;2805307;Pirambu;0.603
SE;2805406;Poço Redondo;0.529
SE;2805505;Poço Verde;0.561
SE;2805604;Porto da Folha;0.568
SE;2805703;Propriá;0.661
SE;2805802;Riachão do Dantas;0.539
SE;2805901;Riachuelo;0.617
SE;2806008;Ribeirópolis;0.613
SE;2806107;Rosário do Catete;0.631
SE;2806206;Salgado;0.609
SE;2806305;Santa Luzia do Itanhy;0.545
SE;2806404;Santana do São Francisco;0.59
SE;2806503;Santa Rosa de Lima;0.592
SE;2806602;Santo Amaro das Brotas;0.637
SE;2806701;São Cristóvão;0.662
SE;2806800;São Domingos;0.588
SE;2806909;São Francisco;0.587
SE;2807006;São Miguel do Aleixo;0.567
SE;2807105;Simão Dias;0.604
SE;2807204;Siriri;0.609
SE;2807303;Telha;0.604
SE;2807402;Tobias Barreto;0.557
SE;2807501;Tomar do Geru;0.551
SE;2807600;Umbaúba;0.579
